Mono path[0] = 'C:/Program Files (x86)/Steam/steamapps/common/RimWorld/RimWorldWin64_Data/Managed'
Mono config path = 'C:/Program Files (x86)/Steam/steamapps/common/RimWorld/MonoBleedingEdge/etc'
[PhysX] Initialized MultithreadedTaskDispatcher with 12 workers.
Initialize engine version: 2022.3.35f1 (011206c7a712)
[Subsystems] Discovering subsystems at path C:/Program Files (x86)/Steam/steamapps/common/RimWorld/RimWorldWin64_Data/UnitySubsystems
GfxDevice: creating device client; threaded=1; jobified=0
Direct3D:
    Version:  Direct3D 11.0 [level 11.1]
    Renderer: NVIDIA GeForce RTX 3070 (ID=0x2488)
    Vendor:   NVIDIA
    VRAM:     8017 MB
    Driver:   32.0.15.9186
Begin MonoManager ReloadAssembly
- Loaded All Assemblies, in  0.155 seconds
- Finished resetting the current domain, in  0.002 seconds
<RI> Initializing input.
<RI> Input initialized.
<RI> Initialized touch support.
[PhysX] Initialized MultithreadedTaskDispatcher with 12 workers.
UnloadTime: 0.776400 ms
Command line arguments: -disable-compute-shaders -popupwindow -logFile C:/Users/tr842/AppData/Local/Temp/PR-QA-20260910-R2/Player.R2.log
RimWorld 1.6.4871 rev591
Mod Psychic Awakening - RJW Sexperience Addon dependency (rjw.sexperience.ideology) needs to have <downloadUrl> and/or <steamWorkshopUrl> specified.
Mod Psychic Awakening - RJW Sexperience Addon dependency (rjw.sexperience) needs to have <downloadUrl> and/or <steamWorkshopUrl> specified.
Mod menstruation ReTexture <packageId> (MenstruationAIReReTexture) is not in valid format.
Tried loading mod with the same packageId multiple times: ElToro.Anims. Ignoring the duplicates.
C:\Program Files (x86)\Steam\steamapps\common\RimWorld\Mods\rjw-elt-anim-master
C:\Program Files (x86)\Steam\steamapps\common\RimWorld\Mods\rjw-elt-anim
ReflectionTypeLoadException getting types in assembly VanillaFurnitureEC: System.Reflection.ReflectionTypeLoadException: Exception of type 'System.Reflection.ReflectionTypeLoadException' was thrown.
Could not resolve type with token 0100003b from typeref (expected class 'VEF.Buildings.CompCustomCauseHediff_AoE' in assembly 'VEF, Version=1.1.7.0, Culture=neutral, PublicKeyToken=null')
  at (wrapper managed-to-native) System.Reflection.Assembly.GetTypes(System.Reflection.Assembly,bool)
  at System.Reflection.Assembly.GetTypes () [0x00000] in <51fded79cd284d4d911c5949aff4cb21>:0 
  at Verse.ModAssemblyHandler.AssemblyIsUsable (System.Reflection.Assembly asm) [0x00000] in <61e4173561894da49d210260257b5097>:0 
System.TypeLoadException: Could not resolve type with token 0100003b from typeref (expected class 'VEF.Buildings.CompCustomCauseHediff_AoE' in assembly 'VEF, Version=1.1.7.0, Culture=neutral, PublicKeyToken=null')

Loader exceptions:
   => System.TypeLoadException: Could not resolve type with token 0100003b from typeref (expected class 'VEF.Buildings.CompCustomCauseHediff_AoE' in assembly 'VEF, Version=1.1.7.0, Culture=neutral, PublicKeyToken=null')
Fallback handler could not load library C:/Program Files (x86)/Steam/steamapps/common/RimWorld/RimWorldWin64_Data/MonoBleedingEdge/data-00000270E9B7D850.dll
Fallback handler could not load library C:/Program Files (x86)/Steam/steamapps/common/RimWorld/RimWorldWin64_Data/MonoBleedingEdge/data-00000270E975D1D0.dll
Exception loading def from file Stats_Basics_General.xml: System.ArgumentException: Could not find type named VanillaFurnitureEC.StatPart_Bin from node <li Class="VanillaFurnitureEC.StatPart_Bin" />
Parameter name: node
[Ref 5A583AC5]
  at Verse.DirectXmlToObjectNew.ResolveTypeForNode (System.Type defaultType, System.Xml.XmlNode node) [0x0005a] in <61e4173561894da49d210260257b5097>:0 
(wrapper dynamic-method) Verse.DirectXmlToObjectNew+DummyTypeToHoldDynamicMethods.ParseAndSetListField_RimWorld_StatPart(object,System.Reflection.FieldInfo,System.Xml.XmlNode,System.Type)
(wrapper dynamic-method) Verse.DirectXmlToObjectNew+DummyTypeToHoldDynamicMethods.ParseAndReturnDef_RimWorld_StatDef(int,int,System.Xml.XmlNode,System.Type)
  at Verse.DirectXmlToObjectNew.DefFromNodeNew (System.Xml.XmlNode node, Verse.LoadableXmlAsset loadingAsset) [0x000dd] in <61e4173561894da49d210260257b5097>:0 
Exception loading def from file Stats_Basics_General.xml: System.ArgumentException: Could not find type named VanillaFurnitureEC.StatPart_Bin from node <li Class="VanillaFurnitureEC.StatPart_Bin" />
Parameter name: node
[Ref 5A583AC5] Duplicate stacktrace, see ref for original
Could not find a type named VanillaFurnitureEC.PlaceWorker_LinkToFirepits
Could not find a type named VanillaFurnitureEC.CompCauseJoyHediff_Aoe
Could not find a type named VanillaFurnitureEC.CompCauseJoyHediff_Aoe
Exception loading def from file Buildings_Joy.xml: System.ArgumentException: Could not find type named VanillaFurnitureEC.ExtendedSitFacingJoyDataExtension from node <li Class="VanillaFurnitureEC.ExtendedSitFacingJoyDataExtension"><sound>VFE_Arcade_SFX</sound><soundRefireDelay>400~500</soundRefireDelay></li>
Parameter name: node
[Ref 731492AE]
  at Verse.DirectXmlToObjectNew.ResolveTypeForNode (System.Type defaultType, System.Xml.XmlNode node) [0x0005a] in <61e4173561894da49d210260257b5097>:0 
(wrapper dynamic-method) Verse.DirectXmlToObjectNew+DummyTypeToHoldDynamicMethods.ParseAndSetListField_Verse_DefModExtension(object,System.Reflection.FieldInfo,System.Xml.XmlNode,System.Type)
(wrapper dynamic-method) Verse.DirectXmlToObjectNew+DummyTypeToHoldDynamicMethods.ParseAndReturnDef_Verse_ThingDef(int,int,System.Xml.XmlNode,System.Type)
  at Verse.DirectXmlToObjectNew.DefFromNodeNew (System.Xml.XmlNode node, Verse.LoadableXmlAsset loadingAsset) [0x000dd] in <61e4173561894da49d210260257b5097>:0 
Exception loading def from file Buildings_Joy.xml: System.ArgumentException: Could not find type named VanillaFurnitureEC.ExtendedSitFacingJoyDataExtension from node <li Class="VanillaFurnitureEC.ExtendedSitFacingJoyDataExtension"><sound>VFE_Computer_SFX</sound><soundRefireDelay>400~500</soundRefireDelay><extraJoySkill>Intellectual</extraJoySkill><extraJoyXpPerTick>0.002</extraJoyXpPerTick></li>
Parameter name: node
[Ref 731492AE] Duplicate stacktrace, see ref for original
Exception loading def from file Buildings_Joy.xml: System.ArgumentException: Could not find type named VanillaFurnitureEC.ExtendedSitFacingJoyDataExtension from node <li Class="VanillaFurnitureEC.ExtendedSitFacingJoyDataExtension"><sound>VFE_Computer_SFX</sound><soundRefireDelay>400~500</soundRefireDelay><researchOnFinished>10</researchOnFinished><extraJoySkill>Intellectual</extraJoySkill><extraJoyXpPerTick>0.004</extraJoyXpPerTick></li>
Parameter name: node
[Ref 731492AE] Duplicate stacktrace, see ref for original
Exception loading def from file Buildings_Joy.xml: System.ArgumentException: Could not find type named VanillaFurnitureEC.ExtendedSitFacingJoyDataExtension from node <li Class="VanillaFurnitureEC.ExtendedSitFacingJoyDataExtension"><effecter>Joy_PlayPiano</effecter></li>
Parameter name: node
[Ref 731492AE] Duplicate stacktrace, see ref for original
Exception loading def from file Buildings_Joy.xml: System.ArgumentException: Could not find type named VanillaFurnitureEC.ExtendedSitFacingJoyDataExtension from node <li Class="VanillaFurnitureEC.ExtendedSitFacingJoyDataExtension"><effecter>VFE_Joy_HoldChips</effecter></li>
Parameter name: node
[Ref 731492AE] Duplicate stacktrace, see ref for original
Exception loading def from file Buildings_Joy.xml: System.ArgumentException: Could not find type named VanillaFurnitureEC.ExtendedSitFacingJoyDataExtension from node <li Class="VanillaFurnitureEC.ExtendedSitFacingJoyDataExtension"><allowComfortFromCell>false</allowComfortFromCell></li>
Parameter name: node
[Ref 731492AE] Duplicate stacktrace, see ref for original
Exception loading def from file Buildings_Joy.xml: System.ArgumentException: Could not find type named VanillaFurnitureEC.ExtendedSitFacingJoyDataExtension from node <li Class="VanillaFurnitureEC.ExtendedSitFacingJoyDataExtension"><allowComfortFromCell>false</allowComfortFromCell></li>
Parameter name: node
[Ref 731492AE] Duplicate stacktrace, see ref for original
Could not find a type named VanillaFurnitureEC.CompInspectStringLounger
Exception loading def from file Buildings_Joy.xml: System.ArgumentException: Could not find type named VanillaFurnitureEC.NoUnownedBedOverlayExtension from node <li Class="VanillaFurnitureEC.NoUnownedBedOverlayExtension" />
Parameter name: node
[Ref 731492AE] Duplicate stacktrace, see ref for original
Exception loading def from file Buildings_Misc.xml: System.ArgumentException: Could not find type named VanillaFurnitureEC.CompProperties_BinClean from node <li Class="VanillaFurnitureEC.CompProperties_BinClean"><timerInTicks>2000</timerInTicks><radius>10</radius><capacity>100</capacity><beautyPerFilthStored><points><li>0, 0</li><li>1, -15</li></points></beautyPerFilthStored></li>
Parameter name: node
[Ref D7802C72]
  at Verse.DirectXmlToObjectNew.ResolveTypeForNode (System.Type defaultType, System.Xml.XmlNode node) [0x0005a] in <61e4173561894da49d210260257b5097>:0 
(wrapper dynamic-method) Verse.DirectXmlToObjectNew+DummyTypeToHoldDynamicMethods.ParseAndSetListField_Verse_CompProperties(object,System.Reflection.FieldInfo,System.Xml.XmlNode,System.Type)
(wrapper dynamic-method) Verse.DirectXmlToObjectNew+DummyTypeToHoldDynamicMethods.ParseAndReturnDef_Verse_ThingDef(int,int,System.Xml.XmlNode,System.Type)
  at Verse.DirectXmlToObjectNew.DefFromNodeNew (System.Xml.XmlNode node, Verse.LoadableXmlAsset loadingAsset) [0x000dd] in <61e4173561894da49d210260257b5097>:0 
Exception loading def from file Buildings_Misc.xml: System.ArgumentException: Could not find type named VanillaFurnitureEC.CompProperties_BinClean from node <li Class="VanillaFurnitureEC.CompProperties_BinClean"><timerInTicks>1500</timerInTicks><radius>15</radius><capacity>200</capacity><beautyPerFilthStored><points><li>0, 0</li><li>1, -20</li></points></beautyPerFilthStored></li>
Parameter name: node
[Ref D7802C72] Duplicate stacktrace, see ref for original
Could not find a type named VanillaFurnitureEC.PlaceWorker_NotOnWall
Could not find a type named VanillaFurnitureEC.PlaceWorker_NotOnWall
Exception loading def from file Hediffs_Radio.xml: System.ArgumentException: Could not find type named VanillaFurnitureEC.HediffCompProperties_CauseJoy from node <li Class="VanillaFurnitureEC.HediffCompProperties_CauseJoy"><jobDefsDisablingRecreation><li>VFE_ListenToMusic</li></jobDefsDisablingRecreation></li>
Parameter name: node
[Ref F781E70A]
  at Verse.DirectXmlToObjectNew.ResolveTypeForNode (System.Type defaultType, System.Xml.XmlNode node) [0x0005a] in <61e4173561894da49d210260257b5097>:0 
(wrapper dynamic-method) Verse.DirectXmlToObjectNew+DummyTypeToHoldDynamicMethods.ParseAndSetListField_Verse_HediffCompProperties(object,System.Reflection.FieldInfo,System.Xml.XmlNode,System.Type)
(wrapper dynamic-method) Verse.DirectXmlToObjectNew+DummyTypeToHoldDynamicMethods.ParseAndReturnDef_Verse_Def(int,int,System.Xml.XmlNode,System.Type)
  at Verse.DirectXmlToObjectNew.DefFromNodeNew (System.Xml.XmlNode node, Verse.LoadableXmlAsset loadingAsset) [0x000dd] in <61e4173561894da49d210260257b5097>:0 
Could not find a type named VanillaFurnitureEC.JobDriver_ExtendedSitFacingBuilding
Could not find a type named VanillaFurnitureEC.JobDriver_ExtendedSitFacingBuilding
Could not find a type named VanillaFurnitureEC.JobDriver_PlayDarts
Could not find a type named VanillaFurnitureEC.JoyGiver_InteractBuildingInteractionCellLineOfSightCheck
Could not find a type named VanillaFurnitureEC.JobDriver_ExtendedSitFacingBuilding
Could not find a type named VanillaFurnitureEC.JobDriver_ExtendedSitFacingBuilding
Could not find a type named VanillaFurnitureEC.JoyGiver_InteractBuildingInteractionCellSit
Could not find a type named VanillaFurnitureEC.JobDriver_UseLounger
Could not find a type named VanillaFurnitureEC.JoyGiver_UseLounger
Could not find a type named VanillaFurnitureEC.JobDriver_ExtendedSitFacingBuilding
Could not find a type named VanillaFurnitureEC.JoyGiver_ListenToMusic
Could not find a type named VanillaFurnitureEC.JobDriver_ComputerLearning
Could not find a type named VanillaFurnitureEC.LearningGiver_ComputerUsing
Could not find a type named VanillaFurnitureEC.WorkGiver_CleanBin
Could not find a type named VanillaFurnitureEC.JobDriver_CleanBin
Type GradientHairMaskDef is not a Def type or could not be found, in file GradientHairMasks.xml. Context: <GradientHairMaskDef><defName>G01</defName><texPath>noGraphic</texPath><mask>GradientHair/G01</mask><weight>1</weight></GradientHairMaskDef>
[Vanilla Furniture Expanded] Patch operation Verse.PatchOperationFindMod(Royalty) failed
file: C:\Program Files (x86)\Steam\steamapps\workshop\content\294100\1718190143\1.6\Patches\Royalty.xml
Could not resolve cross-reference: No RimWorld.StatDef named Beauty found to give to RimWorld.StatModifier (null stat)
Could not resolve cross-reference: No RimWorld.StatDef named Beauty found to give to RimWorld.StatModifier (null stat)
Could not resolve cross-reference: No RimWorld.StatDef named Beauty found to give to RimWorld.StatModifier (null stat)
Could not resolve cross-reference: No RimWorld.StatDef named Beauty found to give to RimWorld.StatModifier (null stat)
Could not resolve cross-reference: No RimWorld.StatDef named Beauty found to give to RimWorld.StatModifier (null stat)
Could not resolve cross-reference: No RimWorld.StatDef named Beauty found to give to RimWorld.StatModifier (null stat)
Could not resolve cross-reference: No RimWorld.StatDef named Beauty found to give to RimWorld.StatModifier (null stat)
Could not resolve cross-reference: No RimWorld.StatDef named Beauty found to give to RimWorld.StatModifier (null stat)
Could not resolve cross-reference: No RimWorld.StatDef named Beauty found to give to RimWorld.StatModifier (null stat)
Could not resolve cross-reference: No RimWorld.StatDef named Beauty found to give to RimWorld.StatModifier (null stat)
Could not resolve cross-reference: No RimWorld.StatDef named Beauty found to give to RimWorld.StatModifier (null stat)
Could not resolve cross-reference: No RimWorld.StatDef named BeautyOutdoors found to give to RimWorld.StatModifier (null stat)
Could not resolve cross-reference: No RimWorld.StatDef named BeautyOutdoors found to give to RimWorld.StatModifier (null stat)
Could not resolve cross-reference: No RimWorld.StatDef named BeautyOutdoors found to give to RimWorld.StatModifier (null stat)
Could not resolve cross-reference: No RimWorld.StatDef named BeautyOutdoors found to give to RimWorld.StatModifier (null stat)
Could not resolve cross-reference: No RimWorld.StatDef named Beauty found to give to RimWorld.StatModifier (null stat)
Could not resolve cross-reference: No RimWorld.StatDef named Beauty found to give to RimWorld.StatModifier (null stat)
Could not resolve cross-reference: No RimWorld.StatDef named Beauty found to give to RimWorld.StatModifier (null stat)
Could not resolve cross-reference: No RimWorld.StatDef named Beauty found to give to RimWorld.StatModifier (null stat)
Could not resolve cross-reference: No RimWorld.StatDef named BeautyOutdoors found to give to RimWorld.StatModifier (null stat)
Could not resolve cross-reference: No RimWorld.StatDef named BeautyOutdoors found to give to RimWorld.StatModifier (null stat)
Could not resolve cross-reference: No RimWorld.StatDef named Beauty found to give to RimWorld.StatModifier (null stat)
Could not resolve cross-reference: No RimWorld.StatDef named Beauty found to give to RimWorld.StatModifier (null stat)
Could not resolve cross-reference: No RimWorld.StatDef named BeautyOutdoors found to give to RimWorld.StatModifier (null stat)
Could not resolve cross-reference: No RimWorld.StatDef named BeautyOutdoors found to give to RimWorld.StatModifier (null stat)
Could not resolve cross-reference: No RimWorld.StatDef named BeautyOutdoors found to give to RimWorld.StatModifier (null stat)
Could not resolve cross-reference: No RimWorld.StatDef named BeautyOutdoors found to give to RimWorld.StatModifier (null stat)
Could not resolve cross-reference: No RimWorld.StatDef named BeautyOutdoors found to give to RimWorld.StatModifier (null stat)
Could not resolve cross-reference: No RimWorld.StatDef named Beauty found to give to RimWorld.StatModifier (null stat)
Could not resolve cross-reference: No RimWorld.StatDef named BeautyOutdoors found to give to RimWorld.StatModifier (null stat)
Could not resolve cross-reference: No RimWorld.StatDef named BeautyOutdoors found to give to RimWorld.StatModifier (null stat)
Could not resolve cross-reference: No RimWorld.StatDef named BeautyOutdoors found to give to RimWorld.StatModifier (null stat)
Could not resolve cross-reference: No RimWorld.StatDef named BeautyOutdoors found to give to RimWorld.StatModifier (null stat)
Could not resolve cross-reference: No RimWorld.StatDef named BeautyOutdoors found to give to RimWorld.StatModifier (null stat)
Could not resolve cross-reference: No RimWorld.StatDef named BeautyOutdoors found to give to RimWorld.StatModifier (null stat)
Could not resolve cross-reference: No RimWorld.StatDef named Beauty found to give to RimWorld.StatModifier (null stat)
Could not resolve cross-reference: No RimWorld.StatDef named BeautyOutdoors found to give to RimWorld.StatModifier (null stat)
Could not resolve cross-reference: No RimWorld.StatDef named Beauty found to give to RimWorld.StatModifier (null stat)
Could not resolve cross-reference: No RimWorld.StatDef named BeautyOutdoors found to give to RimWorld.StatModifier (null stat)
Could not resolve cross-reference: No RimWorld.StatDef named Beauty found to give to RimWorld.StatModifier (null stat)
Could not resolve cross-reference: No RimWorld.StatDef named BeautyOutdoors found to give to RimWorld.StatModifier (null stat)
Could not resolve cross-reference: No RimWorld.StatDef named BeautyOutdoors found to give to RimWorld.StatModifier (null stat)
Could not resolve cross-reference: No RimWorld.StatDef named Beauty found to give to RimWorld.StatModifier (null stat)
Could not resolve cross-reference: No RimWorld.StatDef named BeautyOutdoors found to give to RimWorld.StatModifier (null stat)
Could not resolve cross-reference: No RimWorld.StatDef named Beauty found to give to RimWorld.StatModifier (null stat)
Could not resolve cross-reference: No RimWorld.StatDef named BeautyOutdoors found to give to RimWorld.StatModifier (null stat)
Could not resolve cross-reference: No RimWorld.StatDef named BeautyOutdoors found to give to RimWorld.StatModifier (null stat)
Could not resolve cross-reference: No RimWorld.StatDef named BeautyOutdoors found to give to RimWorld.StatModifier (null stat)
Could not resolve cross-reference: No RimWorld.StatDef named Beauty found to give to RimWorld.StatModifier (null stat)
Could not resolve cross-reference: No RimWorld.StatDef named BeautyOutdoors found to give to RimWorld.StatModifier (null stat)
Could not resolve cross-reference: No RimWorld.StatDef named Beauty found to give to RimWorld.StatModifier (null stat)
Could not resolve cross-reference: No RimWorld.StatDef named BeautyOutdoors found to give to RimWorld.StatModifier (null stat)
Could not resolve cross-reference: No RimWorld.StatDef named Beauty found to give to RimWorld.StatModifier (null stat)
Could not resolve cross-reference: No RimWorld.StatDef named BeautyOutdoors found to give to RimWorld.StatModifier (null stat)
Could not resolve cross-reference: No RimWorld.StatDef named Beauty found to give to RimWorld.StatModifier (null stat)
Could not resolve cross-reference: No RimWorld.StatDef named BeautyOutdoors found to give to RimWorld.StatModifier (null stat)
Could not resolve cross-reference: No RimWorld.StatDef named BeautyOutdoors found to give to RimWorld.StatModifier (null stat)
Could not resolve cross-reference: No RimWorld.StatDef named BeautyOutdoors found to give to RimWorld.StatModifier (null stat)
Could not resolve cross-reference: No RimWorld.StatDef named Beauty found to give to RimWorld.StatModifier (null stat)
Could not resolve cross-reference: No RimWorld.StatDef named BeautyOutdoors found to give to RimWorld.StatModifier (null stat)
Could not resolve cross-reference: No RimWorld.StatDef named Beauty found to give to RimWorld.StatModifier (null stat)
Could not resolve cross-reference: No RimWorld.StatDef named BeautyOutdoors found to give to RimWorld.StatModifier (null stat)
Could not resolve cross-reference: No RimWorld.StatDef named Beauty found to give to RimWorld.StatModifier (null stat)
Could not resolve cross-reference: No RimWorld.StatDef named BeautyOutdoors found to give to RimWorld.StatModifier (null stat)
Could not resolve cross-reference: No RimWorld.StatDef named Beauty found to give to RimWorld.StatModifier (null stat)
Could not resolve cross-reference: No RimWorld.StatDef named BeautyOutdoors found to give to RimWorld.StatModifier (null stat)
Could not resolve cross-reference: No RimWorld.StatDef named Beauty found to give to RimWorld.StatModifier (null stat)
Could not resolve cross-reference: No RimWorld.StatDef named BeautyOutdoors found to give to RimWorld.StatModifier (null stat)
Could not resolve cross-reference: No RimWorld.StatDef named Beauty found to give to RimWorld.StatModifier (null stat)
Could not resolve cross-reference: No RimWorld.StatDef named Beauty found to give to RimWorld.StatModifier (null stat)
Could not resolve cross-reference: No RimWorld.StatDef named Beauty found to give to RimWorld.StatModifier (null stat)
Could not resolve cross-reference: No RimWorld.StatDef named Beauty found to give to RimWorld.StatModifier (null stat)
Could not resolve cross-reference: No RimWorld.StatDef named Beauty found to give to RimWorld.StatModifier (null stat)
Could not resolve cross-reference: No RimWorld.StatDef named Beauty found to give to RimWorld.StatModifier (null stat)
Could not resolve cross-reference: No RimWorld.StatDef named Beauty found to give to RimWorld.StatModifier (null stat)
Could not resolve cross-reference: No RimWorld.StatDef named Beauty found to give to RimWorld.StatModifier (null stat)
Could not resolve cross-reference: No RimWorld.StatDef named Beauty found to give to RimWorld.StatModifier (null stat)
Could not resolve cross-reference: No RimWorld.StatDef named Beauty found to give to RimWorld.StatModifier (null stat)
Could not resolve cross-reference: No RimWorld.StatDef named Beauty found to give to RimWorld.StatModifier (null stat)
Could not resolve cross-reference: No RimWorld.StatDef named Beauty found to give to RimWorld.StatModifier (null stat)
Could not resolve cross-reference: No RimWorld.StatDef named Beauty found to give to RimWorld.StatModifier (null stat)
Could not resolve cross-reference: No RimWorld.StatDef named Beauty found to give to RimWorld.StatModifier (null stat)
Could not resolve cross-reference: No RimWorld.StatDef named Beauty found to give to RimWorld.StatModifier (null stat)
Could not resolve cross-reference: No RimWorld.StatDef named Beauty found to give to RimWorld.StatModifier (null stat)
Could not resolve cross-reference: No RimWorld.StatDef named Beauty found to give to RimWorld.StatModifier (null stat)
Could not resolve cross-reference: No RimWorld.StatDef named Beauty found to give to RimWorld.StatModifier (null stat)
Could not resolve cross-reference: No RimWorld.StatDef named Beauty found to give to RimWorld.StatModifier (null stat)
Could not resolve cross-reference: No RimWorld.StatDef named Beauty found to give to RimWorld.StatModifier (null stat)
Could not resolve cross-reference: No RimWorld.StatDef named BeautyOutdoors found to give to RimWorld.StatModifier (null stat)
Could not resolve cross-reference: No RimWorld.StatDef named Beauty found to give to RimWorld.StatModifier (null stat)
Could not resolve cross-reference: No RimWorld.StatDef named Beauty found to give to RimWorld.StatModifier (null stat)
Could not resolve cross-reference: No RimWorld.StatDef named Beauty found to give to RimWorld.StatModifier (null stat)
Could not resolve cross-reference: No RimWorld.StatDef named Beauty found to give to RimWorld.StatModifier (null stat)
Could not resolve cross-reference: No RimWorld.StatDef named Beauty found to give to RimWorld.StatModifier (null stat)
Could not resolve cross-reference: No RimWorld.StatDef named Beauty found to give to RimWorld.StatModifier (null stat)
Could not resolve cross-reference: No RimWorld.StatDef named Beauty found to give to RimWorld.StatModifier (null stat)
Could not resolve cross-reference: No RimWorld.StatDef named Beauty found to give to RimWorld.StatModifier (null stat)
Could not resolve cross-reference: No RimWorld.StatDef named Beauty found to give to RimWorld.StatModifier (null stat)
Could not resolve cross-reference: No RimWorld.StatDef named Beauty found to give to RimWorld.StatModifier (null stat)
Could not resolve cross-reference: No RimWorld.StatDef named Beauty found to give to RimWorld.StatModifier (null stat)
Could not resolve cross-reference: No RimWorld.StatDef named Beauty found to give to RimWorld.StatModifier (null stat)
Could not resolve cross-reference: No RimWorld.StatDef named Beauty found to give to RimWorld.StatModifier (null stat)
Could not resolve cross-reference: No RimWorld.StatDef named Beauty found to give to RimWorld.StatModifier (null stat)
Could not resolve cross-reference: No RimWorld.StatDef named Beauty found to give to RimWorld.StatModifier (null stat)
Could not resolve cross-reference: No RimWorld.StatDef named Beauty found to give to RimWorld.StatModifier (null stat)
Could not resolve cross-reference: No RimWorld.StatDef named Beauty found to give to RimWorld.StatModifier (null stat)
Could not resolve cross-reference: No RimWorld.StatDef named Beauty found to give to RimWorld.StatModifier (null stat)
Could not resolve cross-reference: No RimWorld.StatDef named Beauty found to give to RimWorld.StatModifier (null stat)
Could not resolve cross-reference: No RimWorld.StatDef named Beauty found to give to RimWorld.StatModifier (null stat)
Could not resolve cross-reference: No RimWorld.StatDef named Beauty found to give to RimWorld.StatModifier (null stat)
Could not resolve cross-reference: No RimWorld.StatDef named Beauty found to give to RimWorld.StatModifier (null stat)
Could not resolve cross-reference: No RimWorld.StatDef named Beauty found to give to RimWorld.StatModifier (null stat)
Could not resolve cross-reference: No RimWorld.StatDef named Beauty found to give to RimWorld.StatModifier (null stat)
Could not resolve cross-reference: No RimWorld.StatDef named Beauty found to give to RimWorld.StatModifier (null stat)
Could not resolve cross-reference: No RimWorld.StatDef named Beauty found to give to RimWorld.StatModifier (null stat)
Could not resolve cross-reference: No RimWorld.StatDef named Beauty found to give to RimWorld.StatModifier (null stat)
Could not resolve cross-reference: No RimWorld.StatDef named Beauty found to give to RimWorld.StatModifier (null stat)
Could not resolve cross-reference: No RimWorld.StatDef named Beauty found to give to RimWorld.StatModifier (null stat)
Could not resolve cross-reference: No RimWorld.StatDef named Beauty found to give to RimWorld.StatModifier (null stat)
Could not resolve cross-reference: No RimWorld.StatDef named Beauty found to give to RimWorld.StatModifier (null stat)
Could not resolve cross-reference: No RimWorld.StatDef named Beauty found to give to RimWorld.StatModifier (null stat)
Could not resolve cross-reference: No RimWorld.StatDef named Beauty found to give to RimWorld.StatModifier (null stat)
Could not resolve cross-reference: No RimWorld.StatDef named Beauty found to give to RimWorld.StatModifier (null stat)
Could not resolve cross-reference: No RimWorld.StatDef named Beauty found to give to RimWorld.StatModifier (null stat)
Could not resolve cross-reference: No RimWorld.StatDef named Beauty found to give to RimWorld.StatModifier (null stat)
Could not resolve cross-reference: No RimWorld.StatDef named Beauty found to give to RimWorld.StatModifier (null stat)
Could not resolve cross-reference: No RimWorld.StatDef named Beauty found to give to RimWorld.StatModifier (null stat)
Could not resolve cross-reference: No RimWorld.StatDef named Beauty found to give to RimWorld.StatModifier (null stat)
Could not resolve cross-reference: No RimWorld.StatDef named Beauty found to give to RimWorld.StatModifier (null stat)
Could not resolve cross-reference: No RimWorld.StatDef named Beauty found to give to RimWorld.StatModifier (null stat)
Could not resolve cross-reference: No RimWorld.StatDef named Beauty found to give to RimWorld.StatModifier (null stat)
Could not resolve cross-reference: No RimWorld.StatDef named Beauty found to give to RimWorld.StatModifier (null stat)
Could not resolve cross-reference: No RimWorld.StatDef named Beauty found to give to RimWorld.StatModifier (null stat)
Could not resolve cross-reference: No RimWorld.StatDef named Beauty found to give to RimWorld.StatModifier (null stat)
Could not resolve cross-reference: No RimWorld.StatDef named Beauty found to give to RimWorld.StatModifier (null stat)
Could not resolve cross-reference: No RimWorld.StatDef named Beauty found to give to RimWorld.StatModifier (null stat)
Could not resolve cross-reference: No RimWorld.StatDef named Beauty found to give to RimWorld.StatModifier (null stat)
Could not resolve cross-reference: No RimWorld.StatDef named Beauty found to give to RimWorld.StatModifier (null stat)
Could not resolve cross-reference: No RimWorld.StatDef named Beauty found to give to RimWorld.StatModifier (null stat)
Could not resolve cross-reference: No RimWorld.StatDef named Beauty found to give to RimWorld.StatModifier (null stat)
Could not resolve cross-reference: No RimWorld.StatDef named Beauty found to give to RimWorld.StatModifier (null stat)
Could not resolve cross-reference: No RimWorld.StatDef named Beauty found to give to RimWorld.StatModifier (null stat)
Could not resolve cross-reference: No RimWorld.StatDef named Beauty found to give to RimWorld.StatModifier (null stat)
Could not resolve cross-reference: No RimWorld.StatDef named Beauty found to give to RimWorld.StatModifier (null stat)
Could not resolve cross-reference: No RimWorld.StatDef named Beauty found to give to RimWorld.StatModifier (null stat)
Could not resolve cross-reference: No RimWorld.StatDef named Beauty found to give to RimWorld.StatModifier (null stat)
Could not resolve cross-reference: No RimWorld.StatDef named Beauty found to give to RimWorld.StatModifier (null stat)
Could not resolve cross-reference: No RimWorld.StatDef named Beauty found to give to RimWorld.StatModifier (null stat)
Could not resolve cross-reference: No RimWorld.StatDef named Beauty found to give to RimWorld.StatModifier (null stat)
Could not resolve cross-reference: No RimWorld.StatDef named Beauty found to give to RimWorld.StatModifier (null stat)
Could not resolve cross-reference: No RimWorld.StatDef named Beauty found to give to RimWorld.StatModifier (null stat)
Could not resolve cross-reference: No RimWorld.StatDef named Beauty found to give to RimWorld.StatModifier (null stat)
Could not resolve cross-reference: No RimWorld.StatDef named Beauty found to give to RimWorld.StatModifier (null stat)
Could not resolve cross-reference: No RimWorld.StatDef named Beauty found to give to RimWorld.StatModifier (null stat)
Could not resolve cross-reference: No RimWorld.StatDef named Beauty found to give to RimWorld.StatModifier (null stat)
Could not resolve cross-reference: No RimWorld.StatDef named Beauty found to give to RimWorld.StatModifier (null stat)
Could not resolve cross-reference: No RimWorld.StatDef named Beauty found to give to RimWorld.StatModifier (null stat)
Could not resolve cross-reference: No RimWorld.StatDef named Beauty found to give to RimWorld.StatModifier (null stat)
Could not resolve cross-reference: No RimWorld.StatDef named Beauty found to give to RimWorld.StatModifier (null stat)
Could not resolve cross-reference: No RimWorld.StatDef named Beauty found to give to RimWorld.StatModifier (null stat)
Could not resolve cross-reference: No RimWorld.StatDef named Beauty found to give to RimWorld.StatModifier (null stat)
Could not resolve cross-reference: No RimWorld.StatDef named Beauty found to give to RimWorld.StatModifier (null stat)
Could not resolve cross-reference: No RimWorld.StatDef named Beauty found to give to RimWorld.StatModifier (null stat)
Could not resolve cross-reference: No RimWorld.StatDef named Beauty found to give to RimWorld.StatModifier (null stat)
Could not resolve cross-reference: No RimWorld.StatDef named Beauty found to give to RimWorld.StatModifier (null stat)
Could not resolve cross-reference: No RimWorld.StatDef named Beauty found to give to RimWorld.StatModifier (null stat)
Could not resolve cross-reference: No RimWorld.StatDef named Beauty found to give to RimWorld.StatModifier (null stat)
Could not resolve cross-reference: No RimWorld.StatDef named Beauty found to give to RimWorld.StatModifier (null stat)
Could not resolve cross-reference: No RimWorld.StatDef named Beauty found to give to RimWorld.StatModifier (null stat)
Could not resolve cross-reference: No RimWorld.StatDef named Beauty found to give to RimWorld.StatModifier (null stat)
Could not resolve cross-reference: No RimWorld.StatDef named Beauty found to give to RimWorld.StatModifier (null stat)
Could not resolve cross-reference: No RimWorld.StatDef named Beauty found to give to RimWorld.StatModifier (null stat)
Could not resolve cross-reference: No RimWorld.StatDef named Beauty found to give to RimWorld.StatModifier (null stat)
Could not resolve cross-reference: No RimWorld.StatDef named Beauty found to give to RimWorld.StatModifier (null stat)
Could not resolve cross-reference: No RimWorld.StatDef named BeautyOutdoors found to give to RimWorld.StatModifier (null stat)
Could not resolve cross-reference: No RimWorld.StatDef named BeautyOutdoors found to give to RimWorld.StatModifier (null stat)
Could not resolve cross-reference: No RimWorld.StatDef named Beauty found to give to RimWorld.StatModifier (null stat)
Could not resolve cross-reference: No RimWorld.StatDef named BeautyOutdoors found to give to RimWorld.StatModifier (null stat)
Could not resolve cross-reference: No RimWorld.StatDef named BeautyOutdoors found to give to RimWorld.StatModifier (null stat)
Could not resolve cross-reference: No RimWorld.StatDef named Beauty found to give to RimWorld.StatModifier (null stat)
Could not resolve cross-reference: No RimWorld.StatDef named Beauty found to give to RimWorld.StatModifier (null stat)
Could not resolve cross-reference: No RimWorld.StatDef named Beauty found to give to RimWorld.StatModifier (null stat)
Could not resolve cross-reference: No RimWorld.StatDef named BeautyOutdoors found to give to RimWorld.StatModifier (null stat)
Could not resolve cross-reference: No RimWorld.StatDef named Beauty found to give to RimWorld.StatModifier (null stat)
Could not resolve cross-reference: No RimWorld.StatDef named BeautyOutdoors found to give to RimWorld.StatModifier (null stat)
Could not resolve cross-reference: No RimWorld.StatDef named Beauty found to give to RimWorld.StatModifier (null stat)
Could not resolve cross-reference: No RimWorld.StatDef named Beauty found to give to RimWorld.StatModifier (null stat)
Could not resolve cross-reference: No RimWorld.StatDef named Beauty found to give to RimWorld.StatModifier (null stat)
Could not resolve cross-reference: No RimWorld.StatDef named Beauty found to give to RimWorld.StatModifier (null stat)
Could not resolve cross-reference: No RimWorld.StatDef named Beauty found to give to RimWorld.StatModifier (null stat)
Could not resolve cross-reference: No RimWorld.StatDef named Beauty found to give to RimWorld.StatModifier (null stat)
Could not resolve cross-reference: No RimWorld.StatDef named Beauty found to give to RimWorld.StatModifier (null stat)
Could not resolve cross-reference: No RimWorld.StatDef named Beauty found to give to RimWorld.StatModifier (null stat)
Could not resolve cross-reference: No RimWorld.StatDef named Beauty found to give to RimWorld.StatModifier (null stat)
Could not resolve cross-reference: No RimWorld.StatDef named Beauty found to give to RimWorld.StatModifier (null stat)
Could not resolve cross-reference: No RimWorld.StatDef named Beauty found to give to RimWorld.StatModifier (null stat)
Could not resolve cross-reference: No RimWorld.StatDef named Beauty found to give to RimWorld.StatModifier (null stat)
Could not resolve cross-reference: No RimWorld.StatDef named Beauty found to give to RimWorld.StatModifier (null stat)
Could not resolve cross-reference: No RimWorld.StatDef named Beauty found to give to RimWorld.StatModifier (null stat)
Could not resolve cross-reference: No RimWorld.StatDef named Beauty found to give to RimWorld.StatModifier (null stat)
Could not resolve cross-reference: No RimWorld.StatDef named Beauty found to give to RimWorld.StatModifier (null stat)
Could not resolve cross-reference: No RimWorld.StatDef named Beauty found to give to RimWorld.StatModifier (null stat)
Could not resolve cross-reference to Verse.ThingDef named Joy_RouletteTable (wanter=thingDefs)
Could not resolve cross-reference: No RimWorld.StatDef named Beauty found to give to RimWorld.StatModifier (null stat)
Could not resolve cross-reference: No RimWorld.StatDef named Beauty found to give to RimWorld.StatModifier (null stat)
Could not resolve cross-reference: No RimWorld.StatDef named Beauty found to give to RimWorld.StatModifier (null stat)
Could not resolve cross-reference: No RimWorld.StatDef named Beauty found to give to RimWorld.StatModifier (null stat)
Could not resolve cross-reference: No RimWorld.StatDef named Beauty found to give to RimWorld.StatModifier (null stat)
Could not resolve cross-reference: No RimWorld.StatDef named Beauty found to give to RimWorld.StatModifier (null stat)
Could not resolve cross-reference: No RimWorld.StatDef named Beauty found to give to RimWorld.StatModifier (null stat)
Could not resolve cross-reference: No RimWorld.StatDef named Beauty found to give to RimWorld.StatModifier (null stat)
Could not resolve cross-reference: No RimWorld.StatDef named Beauty found to give to RimWorld.StatModifier (null stat)
Could not resolve cross-reference: No RimWorld.StatDef named Beauty found to give to RimWorld.StatModifier (null stat)
Could not resolve cross-reference: No RimWorld.StatDef named Beauty found to give to RimWorld.StatModifier (null stat)
Could not resolve cross-reference: No RimWorld.StatDef named Beauty found to give to RimWorld.StatModifier (null stat)
Could not resolve cross-reference: No RimWorld.StatDef named Beauty found to give to RimWorld.StatModifier (null stat)
Could not resolve cross-reference: No RimWorld.StatDef named Beauty found to give to RimWorld.StatModifier (null stat)
Could not resolve cross-reference: No RimWorld.StatDef named Beauty found to give to RimWorld.StatModifier (null stat)
Could not resolve cross-reference: No RimWorld.StatDef named Beauty found to give to RimWorld.StatModifier (null stat)
Could not resolve cross-reference: No RimWorld.StatDef named Beauty found to give to RimWorld.StatModifier (null stat)
Could not resolve cross-reference: No RimWorld.StatDef named Beauty found to give to RimWorld.StatModifier (null stat)
Could not resolve cross-reference: No RimWorld.StatDef named Beauty found to give to RimWorld.StatModifier (null stat)
Could not resolve cross-reference: No RimWorld.StatDef named Beauty found to give to RimWorld.StatModifier (null stat)
Could not resolve cross-reference: No RimWorld.StatDef named Beauty found to give to RimWorld.StatModifier (null stat)
Could not resolve cross-reference: No RimWorld.StatDef named Beauty found to give to RimWorld.StatModifier (null stat)
Could not resolve cross-reference: No RimWorld.StatDef named Beauty found to give to RimWorld.StatModifier (null stat)
Could not resolve cross-reference: No RimWorld.StatDef named Beauty found to give to RimWorld.StatModifier (null stat)
Could not resolve cross-reference: No RimWorld.StatDef named Beauty found to give to RimWorld.StatModifier (null stat)
Could not resolve cross-reference: No RimWorld.StatDef named Beauty found to give to RimWorld.StatModifier (null stat)
Could not resolve cross-reference: No RimWorld.StatDef named Beauty found to give to RimWorld.StatModifier (null stat)
Could not resolve cross-reference: No RimWorld.StatDef named Beauty found to give to RimWorld.StatModifier (null stat)
Could not resolve cross-reference: No RimWorld.StatDef named Beauty found to give to RimWorld.StatModifier (null stat)
Could not resolve cross-reference: No RimWorld.StatDef named Beauty found to give to RimWorld.StatModifier (null stat)
Could not resolve cross-reference: No RimWorld.StatDef named Beauty found to give to RimWorld.StatModifier (null stat)
Could not resolve cross-reference: No RimWorld.StatDef named Beauty found to give to RimWorld.StatModifier (null stat)
Could not resolve cross-reference: No RimWorld.StatDef named Beauty found to give to RimWorld.StatModifier (null stat)
Could not resolve cross-reference: No RimWorld.StatDef named Beauty found to give to RimWorld.StatModifier (null stat)
Could not resolve cross-reference: No RimWorld.StatDef named Beauty found to give to RimWorld.StatModifier (null stat)
Could not resolve cross-reference: No RimWorld.StatDef named Beauty found to give to RimWorld.StatModifier (null stat)
Could not resolve cross-reference: No RimWorld.StatDef named Beauty found to give to RimWorld.StatModifier (null stat)
Could not resolve cross-reference: No RimWorld.StatDef named Beauty found to give to RimWorld.StatModifier (null stat)
Could not resolve cross-reference: No RimWorld.StatDef named Beauty found to give to RimWorld.StatModifier (null stat)
Could not resolve cross-reference: No RimWorld.StatDef named Beauty found to give to RimWorld.StatModifier (null stat)
Could not resolve cross-reference: No RimWorld.StatDef named Beauty found to give to RimWorld.StatModifier (null stat)
Could not resolve cross-reference: No RimWorld.StatDef named Beauty found to give to RimWorld.StatModifier (null stat)
Could not resolve cross-reference: No RimWorld.StatDef named Beauty found to give to RimWorld.StatModifier (null stat)
Could not resolve cross-reference: No RimWorld.StatDef named Beauty found to give to RimWorld.StatModifier (null stat)
Could not resolve cross-reference: No RimWorld.StatDef named Beauty found to give to RimWorld.StatModifier (null stat)
Could not resolve cross-reference: No RimWorld.StatDef named Beauty found to give to RimWorld.StatModifier (null stat)
Could not resolve cross-reference: No RimWorld.StatDef named Beauty found to give to RimWorld.StatModifier (null stat)
Could not resolve cross-reference: No RimWorld.StatDef named Beauty found to give to RimWorld.StatModifier (null stat)
Could not resolve cross-reference: No RimWorld.StatDef named Beauty found to give to RimWorld.StatModifier (null stat)
Could not resolve cross-reference: No RimWorld.StatDef named Beauty found to give to RimWorld.StatModifier (null stat)
Could not resolve cross-reference: No RimWorld.StatDef named Beauty found to give to RimWorld.StatModifier (null stat)
Could not resolve cross-reference: No RimWorld.StatDef named Beauty found to give to RimWorld.StatModifier (null stat)
Could not resolve cross-reference: No RimWorld.StatDef named Beauty found to give to RimWorld.StatModifier (null stat)
Could not resolve cross-reference: No RimWorld.StatDef named Beauty found to give to RimWorld.StatModifier (null stat)
Could not resolve cross-reference: No RimWorld.StatDef named Beauty found to give to RimWorld.StatModifier (null stat)
Could not resolve cross-reference: No RimWorld.StatDef named Beauty found to give to RimWorld.StatModifier (null stat)
Could not resolve cross-reference: No RimWorld.StatDef named Beauty found to give to RimWorld.StatModifier (null stat)
Could not resolve cross-reference: No RimWorld.StatDef named Beauty found to give to RimWorld.StatModifier (null stat)
Could not resolve cross-reference: No RimWorld.StatDef named Beauty found to give to RimWorld.StatModifier (null stat)
Could not resolve cross-reference: No RimWorld.StatDef named Beauty found to give to RimWorld.StatModifier (null stat)
Could not resolve cross-reference: No RimWorld.StatDef named Beauty found to give to RimWorld.StatModifier (null stat)
Could not resolve cross-reference: No RimWorld.StatDef named Beauty found to give to RimWorld.StatModifier (null stat)
Could not resolve cross-reference: No RimWorld.StatDef named Beauty found to give to RimWorld.StatModifier (null stat)
Could not resolve cross-reference: No RimWorld.StatDef named Beauty found to give to RimWorld.StatModifier (null stat)
Could not resolve cross-reference: No RimWorld.StatDef named Beauty found to give to RimWorld.StatModifier (null stat)
Could not resolve cross-reference: No RimWorld.StatDef named Beauty found to give to RimWorld.StatModifier (null stat)
Could not resolve cross-reference: No RimWorld.StatDef named Beauty found to give to RimWorld.StatModifier (null stat)
Could not resolve cross-reference: No RimWorld.StatDef named Beauty found to give to RimWorld.StatModifier (null stat)
Could not resolve cross-reference: No RimWorld.StatDef named Beauty found to give to RimWorld.StatModifier (null stat)
Could not resolve cross-reference: No RimWorld.StatDef named Beauty found to give to RimWorld.StatModifier (null stat)
Could not resolve cross-reference: No RimWorld.StatDef named Beauty found to give to RimWorld.StatModifier (null stat)
Could not resolve cross-reference: No RimWorld.StatDef named Beauty found to give to RimWorld.StatModifier (null stat)
Could not resolve cross-reference: No RimWorld.StatDef named Beauty found to give to RimWorld.StatModifier (null stat)
Could not resolve cross-reference: No RimWorld.StatDef named Beauty found to give to RimWorld.StatModifier (null stat)
Could not resolve cross-reference: No RimWorld.StatDef named Beauty found to give to RimWorld.StatModifier (null stat)
Could not resolve cross-reference: No RimWorld.StatDef named Beauty found to give to RimWorld.StatModifier (null stat)
Could not resolve cross-reference: No RimWorld.StatDef named Beauty found to give to RimWorld.StatModifier (null stat)
Could not resolve cross-reference: No RimWorld.StatDef named Beauty found to give to RimWorld.StatModifier (null stat)
Could not resolve cross-reference: No RimWorld.StatDef named Beauty found to give to RimWorld.StatModifier (null stat)
Could not resolve cross-reference: No RimWorld.StatDef named Beauty found to give to RimWorld.StatModifier (null stat)
Could not resolve cross-reference: No RimWorld.StatDef named Beauty found to give to RimWorld.StatModifier (null stat)
Could not resolve cross-reference: No RimWorld.StatDef named Beauty found to give to RimWorld.StatModifier (null stat)
Could not resolve cross-reference: No RimWorld.StatDef named Beauty found to give to RimWorld.StatModifier (null stat)
Could not resolve cross-reference: No RimWorld.StatDef named Beauty found to give to RimWorld.StatModifier (null stat)
Could not resolve cross-reference: No RimWorld.StatDef named Beauty found to give to RimWorld.StatModifier (null stat)
Could not resolve cross-reference: No RimWorld.StatDef named Beauty found to give to RimWorld.StatModifier (null stat)
Could not resolve cross-reference: No RimWorld.StatDef named Beauty found to give to RimWorld.StatModifier (null stat)
Could not resolve cross-reference: No RimWorld.StatDef named Beauty found to give to RimWorld.StatModifier (null stat)
Could not resolve cross-reference: No RimWorld.StatDef named Beauty found to give to RimWorld.StatModifier (null stat)
Could not resolve cross-reference: No RimWorld.StatDef named Beauty found to give to RimWorld.StatModifier (null stat)
Could not resolve cross-reference: No RimWorld.StatDef named Beauty found to give to RimWorld.StatModifier (null stat)
Could not resolve cross-reference: No RimWorld.StatDef named Beauty found to give to RimWorld.StatModifier (null stat)
Could not resolve cross-reference: No RimWorld.StatDef named Beauty found to give to RimWorld.StatModifier (null stat)
Could not resolve cross-reference: No RimWorld.StatDef named Beauty found to give to RimWorld.StatModifier (null stat)
Could not resolve cross-reference: No RimWorld.StatDef named Beauty found to give to RimWorld.StatModifier (null stat)
Could not resolve cross-reference: No RimWorld.StatDef named Beauty found to give to RimWorld.StatModifier (null stat)
Could not resolve cross-reference: No RimWorld.StatDef named Beauty found to give to RimWorld.StatModifier (null stat)
Could not resolve cross-reference: No RimWorld.StatDef named Beauty found to give to RimWorld.StatModifier (null stat)
Could not resolve cross-reference: No RimWorld.StatDef named Beauty found to give to RimWorld.StatModifier (null stat)
Could not resolve cross-reference to Verse.ThingDef named Joy_Arcade (wanter=thingDefs)
Could not resolve cross-reference: No RimWorld.StatDef named Beauty found to give to RimWorld.StatModifier (null stat)
Could not resolve cross-reference: No RimWorld.StatDef named Beauty found to give to RimWorld.StatModifier (null stat)
Could not resolve cross-reference: No RimWorld.StatDef named Beauty found to give to RimWorld.StatModifier (null stat)
Could not resolve cross-reference: No RimWorld.StatDef named Beauty found to give to RimWorld.StatModifier (null stat)
Could not resolve cross-reference: No RimWorld.StatDef named Beauty found to give to RimWorld.StatModifier (null stat)
Could not resolve cross-reference: No RimWorld.StatDef named Beauty found to give to RimWorld.StatModifier (null stat)
Could not resolve cross-reference: No RimWorld.StatDef named Beauty found to give to RimWorld.StatModifier (null stat)
Could not resolve cross-reference: No RimWorld.StatDef named Beauty found to give to RimWorld.StatModifier (null stat)
Could not resolve cross-reference: No RimWorld.StatDef named Beauty found to give to RimWorld.StatModifier (null stat)
Could not resolve cross-reference: No RimWorld.StatDef named Beauty found to give to RimWorld.StatModifier (null stat)
Could not resolve cross-reference: No RimWorld.StatDef named Beauty found to give to RimWorld.StatModifier (null stat)
Could not resolve cross-reference: No RimWorld.StatDef named Beauty found to give to RimWorld.StatModifier (null stat)
Could not resolve cross-reference: No RimWorld.StatDef named Beauty found to give to RimWorld.StatModifier (null stat)
Could not resolve cross-reference: No RimWorld.StatDef named Beauty found to give to RimWorld.StatModifier (null stat)
Could not resolve cross-reference: No RimWorld.StatDef named Beauty found to give to RimWorld.StatModifier (null stat)
Could not resolve cross-reference: No RimWorld.StatDef named Beauty found to give to RimWorld.StatModifier (null stat)
Could not resolve cross-reference: No RimWorld.StatDef named Beauty found to give to RimWorld.StatModifier (null stat)
Could not resolve cross-reference: No RimWorld.StatDef named Beauty found to give to RimWorld.StatModifier (null stat)
Could not resolve cross-reference: No RimWorld.StatDef named Beauty found to give to RimWorld.StatModifier (null stat)
Could not resolve cross-reference: No RimWorld.StatDef named Beauty found to give to RimWorld.StatModifier (null stat)
Could not resolve cross-reference: No RimWorld.StatDef named Beauty found to give to RimWorld.StatModifier (null stat)
Could not resolve cross-reference: No RimWorld.StatDef named Beauty found to give to RimWorld.StatModifier (null stat)
Could not resolve cross-reference: No RimWorld.StatDef named Beauty found to give to RimWorld.StatModifier (null stat)
Could not resolve cross-reference: No RimWorld.StatDef named Beauty found to give to RimWorld.StatModifier (null stat)
Could not resolve cross-reference: No RimWorld.StatDef named Beauty found to give to RimWorld.StatModifier (null stat)
Could not resolve cross-reference: No RimWorld.StatDef named Beauty found to give to RimWorld.StatModifier (null stat)
Could not resolve cross-reference: No RimWorld.StatDef named Beauty found to give to RimWorld.StatModifier (null stat)
Could not resolve cross-reference: No RimWorld.StatDef named Beauty found to give to RimWorld.StatModifier (null stat)
Could not resolve cross-reference: No RimWorld.StatDef named Beauty found to give to RimWorld.StatModifier (null stat)
Could not resolve cross-reference: No RimWorld.StatDef named Beauty found to give to RimWorld.StatModifier (null stat)
Could not resolve cross-reference: No RimWorld.StatDef named BeautyOutdoors found to give to RimWorld.StatModifier (null stat)
Could not resolve cross-reference: No RimWorld.StatDef named Beauty found to give to RimWorld.StatModifier (null stat)
Could not resolve cross-reference: No RimWorld.StatDef named Beauty found to give to RimWorld.StatModifier (null stat)
Could not resolve cross-reference: No RimWorld.StatDef named Beauty found to give to RimWorld.StatModifier (null stat)
Could not resolve cross-reference: No RimWorld.StatDef named BeautyOutdoors found to give to RimWorld.StatModifier (null stat)
Could not resolve cross-reference: No RimWorld.StatDef named Beauty found to give to RimWorld.StatModifier (null stat)
Could not resolve cross-reference: No RimWorld.StatDef named BeautyOutdoors found to give to RimWorld.StatModifier (null stat)
Could not resolve cross-reference: No RimWorld.StatDef named Beauty found to give to RimWorld.StatModifier (null stat)
Could not resolve cross-reference: No RimWorld.StatDef named Beauty found to give to RimWorld.StatModifier (null stat)
Could not resolve cross-reference: No RimWorld.StatDef named Beauty found to give to RimWorld.StatModifier (null stat)
Could not resolve cross-reference: No RimWorld.StatDef named Beauty found to give to RimWorld.StatModifier (null stat)
Could not resolve cross-reference: No RimWorld.StatDef named Beauty found to give to RimWorld.StatModifier (null stat)
Could not resolve cross-reference: No RimWorld.StatDef named Beauty found to give to RimWorld.StatModifier (null stat)
Could not resolve cross-reference: No RimWorld.StatDef named Beauty found to give to RimWorld.StatModifier (null stat)
Could not resolve cross-reference: No RimWorld.StatDef named Beauty found to give to RimWorld.StatModifier (null stat)
Could not resolve cross-reference: No RimWorld.StatDef named Beauty found to give to RimWorld.StatModifier (null stat)
Could not resolve cross-reference: No RimWorld.StatDef named Beauty found to give to RimWorld.StatModifier (null stat)
Could not resolve cross-reference: No RimWorld.StatDef named Beauty found to give to RimWorld.StatModifier (null stat)
Could not resolve cross-reference: No RimWorld.StatDef named Beauty found to give to RimWorld.StatModifier (null stat)
Could not resolve cross-reference: No RimWorld.StatDef named Beauty found to give to RimWorld.StatModifier (null stat)
Could not resolve cross-reference: No RimWorld.StatDef named Beauty found to give to RimWorld.StatModifier (null stat)
Could not resolve cross-reference: No RimWorld.StatDef named Beauty found to give to RimWorld.StatModifier (null stat)
Could not resolve cross-reference: No RimWorld.StatDef named Beauty found to give to RimWorld.StatModifier (null stat)
Could not resolve cross-reference: No RimWorld.StatDef named Beauty found to give to RimWorld.StatModifier (null stat)
Could not resolve cross-reference: No RimWorld.StatDef named Beauty found to give to RimWorld.StatModifier (null stat)
Could not resolve cross-reference: No RimWorld.StatDef named Beauty found to give to RimWorld.StatModifier (null stat)
Could not resolve cross-reference: No RimWorld.StatDef named Beauty found to give to RimWorld.StatModifier (null stat)
Could not resolve cross-reference: No RimWorld.StatDef named Beauty found to give to RimWorld.StatModifier (null stat)
Could not resolve cross-reference: No RimWorld.StatDef named Beauty found to give to RimWorld.StatModifier (null stat)
Could not resolve cross-reference: No RimWorld.StatDef named Beauty found to give to RimWorld.StatModifier (null stat)
Could not resolve cross-reference: No RimWorld.StatDef named Beauty found to give to RimWorld.StatModifier (null stat)
Could not resolve cross-reference: No RimWorld.StatDef named Beauty found to give to RimWorld.StatModifier (null stat)
Could not resolve cross-reference: No RimWorld.StatDef named Beauty found to give to RimWorld.StatModifier (null stat)
Could not resolve cross-reference: No RimWorld.StatDef named Beauty found to give to RimWorld.StatModifier (null stat)
Could not resolve cross-reference: No RimWorld.StatDef named BeautyOutdoors found to give to RimWorld.StatModifier (null stat)
Could not resolve cross-reference: No RimWorld.StatDef named Beauty found to give to RimWorld.StatModifier (null stat)
Could not resolve cross-reference: No RimWorld.StatDef named Beauty found to give to RimWorld.StatModifier (null stat)
Could not resolve cross-reference: No RimWorld.StatDef named Beauty found to give to RimWorld.StatModifier (null stat)
Could not resolve cross-reference: No RimWorld.StatDef named Beauty found to give to RimWorld.StatModifier (null stat)
Could not resolve cross-reference: No RimWorld.StatDef named Beauty found to give to RimWorld.StatModifier (null stat)
Could not resolve cross-reference: No RimWorld.StatDef named BeautyOutdoors found to give to RimWorld.StatModifier (null stat)
Could not resolve cross-reference: No RimWorld.StatDef named Beauty found to give to RimWorld.StatModifier (null stat)
Could not resolve cross-reference: No RimWorld.StatDef named Beauty found to give to RimWorld.StatModifier (null stat)
Could not resolve cross-reference: No RimWorld.StatDef named Beauty found to give to RimWorld.StatModifier (null stat)
Could not resolve cross-reference: No RimWorld.StatDef named Beauty found to give to RimWorld.StatModifier (null stat)
Could not resolve cross-reference: No RimWorld.StatDef named BeautyOutdoors found to give to RimWorld.StatModifier (null stat)
Could not resolve cross-reference: No RimWorld.StatDef named Beauty found to give to RimWorld.StatModifier (null stat)
Could not resolve cross-reference: No RimWorld.StatDef named Beauty found to give to RimWorld.StatModifier (null stat)
Could not resolve cross-reference: No RimWorld.StatDef named Beauty found to give to RimWorld.StatModifier (null stat)
Could not resolve cross-reference: No RimWorld.StatDef named Beauty found to give to RimWorld.StatModifier (null stat)
Could not resolve cross-reference: No RimWorld.StatDef named BeautyOutdoors found to give to RimWorld.StatModifier (null stat)
Could not resolve cross-reference: No RimWorld.StatDef named Beauty found to give to RimWorld.StatModifier (null stat)
Could not resolve cross-reference: No RimWorld.StatDef named Beauty found to give to RimWorld.StatModifier (null stat)
Could not resolve cross-reference: No RimWorld.StatDef named Beauty found to give to RimWorld.StatModifier (null stat)
Could not resolve cross-reference: No RimWorld.StatDef named Beauty found to give to RimWorld.StatModifier (null stat)
Could not resolve cross-reference: No RimWorld.StatDef named Beauty found to give to RimWorld.StatModifier (null stat)
Could not resolve cross-reference: No RimWorld.StatDef named BeautyOutdoors found to give to RimWorld.StatModifier (null stat)
Could not resolve cross-reference: No RimWorld.StatDef named Beauty found to give to RimWorld.StatModifier (null stat)
Could not resolve cross-reference: No RimWorld.StatDef named Beauty found to give to RimWorld.StatModifier (null stat)
Could not resolve cross-reference: No RimWorld.StatDef named Beauty found to give to RimWorld.StatModifier (null stat)
Could not resolve cross-reference: No RimWorld.StatDef named BeautyOutdoors found to give to RimWorld.StatModifier (null stat)
Could not resolve cross-reference: No RimWorld.StatDef named Beauty found to give to RimWorld.StatModifier (null stat)
Could not resolve cross-reference: No RimWorld.StatDef named BeautyOutdoors found to give to RimWorld.StatModifier (null stat)
Could not resolve cross-reference: No RimWorld.StatDef named Beauty found to give to RimWorld.StatModifier (null stat)
Could not resolve cross-reference: No RimWorld.StatDef named BeautyOutdoors found to give to RimWorld.StatModifier (null stat)
Could not resolve cross-reference: No RimWorld.StatDef named Beauty found to give to RimWorld.StatModifier (null stat)
Could not resolve cross-reference: No RimWorld.StatDef named BeautyOutdoors found to give to RimWorld.StatModifier (null stat)
Could not resolve cross-reference: No RimWorld.StatDef named Beauty found to give to RimWorld.StatModifier (null stat)
Could not resolve cross-reference: No RimWorld.StatDef named BeautyOutdoors found to give to RimWorld.StatModifier (null stat)
Could not resolve cross-reference: No RimWorld.StatDef named Beauty found to give to RimWorld.StatModifier (null stat)
Could not resolve cross-reference to Verse.ThingDef named Joy_Piano (wanter=thingDefs)
Could not resolve cross-reference: No RimWorld.StatDef named Beauty found to give to RimWorld.StatModifier (null stat)
Could not resolve cross-reference: No RimWorld.StatDef named Beauty found to give to RimWorld.StatModifier (null stat)
Could not resolve cross-reference: No RimWorld.StatDef named Beauty found to give to RimWorld.StatModifier (null stat)
Could not resolve cross-reference: No RimWorld.StatDef named Beauty found to give to RimWorld.StatModifier (null stat)
Could not resolve cross-reference: No RimWorld.StatDef named Beauty found to give to RimWorld.StatModifier (null stat)
Could not resolve cross-reference: No RimWorld.StatDef named Beauty found to give to RimWorld.StatModifier (null stat)
Could not resolve cross-reference: No RimWorld.StatDef named Beauty found to give to RimWorld.StatModifier (null stat)
Could not resolve cross-reference: No RimWorld.StatDef named Beauty found to give to RimWorld.StatModifier (null stat)
Could not resolve cross-reference: No RimWorld.StatDef named Beauty found to give to RimWorld.StatModifier (null stat)
Could not resolve cross-reference: No RimWorld.StatDef named Beauty found to give to RimWorld.StatModifier (null stat)
Could not resolve cross-reference: No RimWorld.StatDef named Beauty found to give to RimWorld.StatModifier (null stat)
Could not resolve cross-reference: No RimWorld.StatDef named Beauty found to give to RimWorld.StatModifier (null stat)
Could not resolve cross-reference: No RimWorld.StatDef named Beauty found to give to RimWorld.StatModifier (null stat)
Could not resolve cross-reference: No RimWorld.StatDef named Beauty found to give to RimWorld.StatModifier (null stat)
Could not resolve cross-reference: No RimWorld.StatDef named Beauty found to give to RimWorld.StatModifier (null stat)
Could not resolve cross-reference: No RimWorld.StatDef named Beauty found to give to RimWorld.StatModifier (null stat)
Could not resolve cross-reference: No RimWorld.StatDef named Beauty found to give to RimWorld.StatModifier (null stat)
Could not resolve cross-reference: No RimWorld.StatDef named Beauty found to give to RimWorld.StatModifier (null stat)
Could not resolve cross-reference: No RimWorld.StatDef named Beauty found to give to RimWorld.StatModifier (null stat)
Could not resolve cross-reference: No RimWorld.StatDef named Beauty found to give to RimWorld.StatModifier (null stat)
Could not resolve cross-reference: No RimWorld.StatDef named Beauty found to give to RimWorld.StatModifier (null stat)
Could not resolve cross-reference: No RimWorld.StatDef named Beauty found to give to RimWorld.StatModifier (null stat)
Could not resolve cross-reference: No RimWorld.StatDef named Beauty found to give to RimWorld.StatModifier (null stat)
Could not resolve cross-reference: No RimWorld.StatDef named Beauty found to give to RimWorld.StatModifier (null stat)
Could not resolve cross-reference: No RimWorld.StatDef named Beauty found to give to RimWorld.StatModifier (null stat)
Could not resolve cross-reference: No RimWorld.StatDef named Beauty found to give to RimWorld.StatModifier (null stat)
Could not resolve cross-reference: No RimWorld.StatDef named Beauty found to give to RimWorld.StatModifier (null stat)
Could not resolve cross-reference: No RimWorld.StatDef named Beauty found to give to RimWorld.StatModifier (null stat)
Could not resolve cross-reference: No RimWorld.StatDef named Beauty found to give to RimWorld.StatModifier (null stat)
Could not resolve cross-reference: No RimWorld.StatDef named Beauty found to give to RimWorld.StatModifier (null stat)
Could not resolve cross-reference: No RimWorld.StatDef named Beauty found to give to RimWorld.StatModifier (null stat)
Could not resolve cross-reference: No RimWorld.StatDef named Beauty found to give to RimWorld.StatModifier (null stat)
Could not resolve cross-reference: No RimWorld.StatDef named Beauty found to give to RimWorld.StatModifier (null stat)
Could not resolve cross-reference: No RimWorld.StatDef named Beauty found to give to RimWorld.StatModifier (null stat)
Could not resolve cross-reference: No RimWorld.StatDef named Beauty found to give to RimWorld.StatModifier (null stat)
Could not resolve cross-reference: No RimWorld.StatDef named Beauty found to give to RimWorld.StatModifier (null stat)
Could not resolve cross-reference: No RimWorld.StatDef named Beauty found to give to RimWorld.StatModifier (null stat)
Could not resolve cross-reference: No RimWorld.StatDef named Beauty found to give to RimWorld.StatModifier (null stat)
Could not resolve cross-reference: No RimWorld.StatDef named Beauty found to give to RimWorld.StatModifier (null stat)
Could not resolve cross-reference: No RimWorld.StatDef named Beauty found to give to RimWorld.StatModifier (null stat)
Could not resolve cross-reference: No RimWorld.StatDef named Beauty found to give to RimWorld.StatModifier (null stat)
Could not resolve cross-reference: No RimWorld.StatDef named Beauty found to give to RimWorld.StatModifier (null stat)
Could not resolve cross-reference: No RimWorld.StatDef named Beauty found to give to RimWorld.StatModifier (null stat)
Could not resolve cross-reference: No RimWorld.StatDef named Beauty found to give to RimWorld.StatModifier (null stat)
Could not resolve cross-reference: No RimWorld.StatDef named Beauty found to give to RimWorld.StatModifier (null stat)
Could not resolve cross-reference: No RimWorld.StatDef named Beauty found to give to RimWorld.StatModifier (null stat)
Could not resolve cross-reference: No RimWorld.StatDef named Beauty found to give to RimWorld.StatModifier (null stat)
Could not resolve cross-reference: No RimWorld.StatDef named Beauty found to give to RimWorld.StatModifier (null stat)
Could not resolve cross-reference: No RimWorld.StatDef named Beauty found to give to RimWorld.StatModifier (null stat)
Could not resolve cross-reference: No RimWorld.StatDef named Beauty found to give to RimWorld.StatModifier (null stat)
Could not resolve cross-reference: No RimWorld.StatDef named Beauty found to give to RimWorld.StatModifier (null stat)
Could not resolve cross-reference: No RimWorld.StatDef named Beauty found to give to RimWorld.StatModifier (null stat)
Could not resolve cross-reference: No RimWorld.StatDef named Beauty found to give to RimWorld.StatModifier (null stat)
Could not resolve cross-reference: No RimWorld.StatDef named Beauty found to give to RimWorld.StatModifier (null stat)
Could not resolve cross-reference: No RimWorld.StatDef named Beauty found to give to RimWorld.StatModifier (null stat)
Could not resolve cross-reference: No RimWorld.StatDef named Beauty found to give to RimWorld.StatModifier (null stat)
Could not resolve cross-reference: No RimWorld.StatDef named Beauty found to give to RimWorld.StatModifier (null stat)
Could not resolve cross-reference: No RimWorld.StatDef named Beauty found to give to RimWorld.StatModifier (null stat)
Could not resolve cross-reference: No RimWorld.StatDef named Beauty found to give to RimWorld.StatModifier (null stat)
Could not resolve cross-reference: No RimWorld.StatDef named Beauty found to give to RimWorld.StatModifier (null stat)
Could not resolve cross-reference: No RimWorld.StatDef named Beauty found to give to RimWorld.StatModifier (null stat)
Could not resolve cross-reference: No RimWorld.StatDef named Beauty found to give to RimWorld.StatModifier (null stat)
Could not resolve cross-reference: No RimWorld.StatDef named Beauty found to give to RimWorld.StatModifier (null stat)
Could not resolve cross-reference: No RimWorld.StatDef named Beauty found to give to RimWorld.StatModifier (null stat)
Could not resolve cross-reference: No RimWorld.StatDef named Beauty found to give to RimWorld.StatModifier (null stat)
Could not resolve cross-reference: No RimWorld.StatDef named Beauty found to give to RimWorld.StatModifier (null stat)
Could not resolve cross-reference: No RimWorld.StatDef named Beauty found to give to RimWorld.StatModifier (null stat)
Could not resolve cross-reference: No RimWorld.StatDef named Beauty found to give to RimWorld.StatModifier (null stat)
Could not resolve cross-reference: No RimWorld.StatDef named Beauty found to give to RimWorld.StatModifier (null stat)
Could not resolve cross-reference: No RimWorld.StatDef named Beauty found to give to RimWorld.StatModifier (null stat)
Could not resolve cross-reference: No RimWorld.StatDef named Beauty found to give to RimWorld.StatModifier (null stat)
Could not resolve cross-reference: No RimWorld.StatDef named Beauty found to give to RimWorld.StatModifier (null stat)
Could not resolve cross-reference: No RimWorld.StatDef named Beauty found to give to RimWorld.StatModifier (null stat)
Could not resolve cross-reference: No RimWorld.StatDef named Beauty found to give to RimWorld.StatModifier (null stat)
Could not resolve cross-reference: No RimWorld.StatDef named Beauty found to give to RimWorld.StatModifier (null stat)
Could not resolve cross-reference: No RimWorld.StatDef named Beauty found to give to RimWorld.StatModifier (null stat)
Could not resolve cross-reference: No RimWorld.StatDef named Beauty found to give to RimWorld.StatModifier (null stat)
Could not resolve cross-reference: No RimWorld.StatDef named Beauty found to give to RimWorld.StatModifier (null stat)
Could not resolve cross-reference: No RimWorld.StatDef named Beauty found to give to RimWorld.StatModifier (null stat)
Could not resolve cross-reference: No RimWorld.StatDef named Beauty found to give to RimWorld.StatModifier (null stat)
Could not resolve cross-reference: No RimWorld.StatDef named Beauty found to give to RimWorld.StatModifier (null stat)
Could not resolve cross-reference: No RimWorld.StatDef named BeautyOutdoors found to give to RimWorld.StatModifier (null stat)
Could not resolve cross-reference: No RimWorld.StatDef named Beauty found to give to RimWorld.StatModifier (null stat)
Could not resolve cross-reference: No RimWorld.StatDef named Beauty found to give to RimWorld.StatModifier (null stat)
Could not resolve cross-reference: No RimWorld.StatDef named Beauty found to give to RimWorld.StatModifier (null stat)
Could not resolve cross-reference: No RimWorld.StatDef named Beauty found to give to RimWorld.StatModifier (null stat)
Could not resolve cross-reference: No RimWorld.StatDef named Beauty found to give to RimWorld.StatModifier (null stat)
Could not resolve cross-reference: No RimWorld.StatDef named BeautyOutdoors found to give to RimWorld.StatModifier (null stat)
Could not resolve cross-reference: No RimWorld.StatDef named Beauty found to give to RimWorld.StatModifier (null stat)
Could not resolve cross-reference: No RimWorld.StatDef named Beauty found to give to RimWorld.StatModifier (null stat)
Could not resolve cross-reference: No RimWorld.StatDef named BeautyOutdoors found to give to RimWorld.StatModifier (null stat)
Could not resolve cross-reference: No RimWorld.StatDef named Beauty found to give to RimWorld.StatModifier (null stat)
Could not resolve cross-reference: No RimWorld.StatDef named Beauty found to give to RimWorld.StatModifier (null stat)
Could not resolve cross-reference: No RimWorld.StatDef named Beauty found to give to RimWorld.StatModifier (null stat)
Could not resolve cross-reference: No RimWorld.StatDef named Beauty found to give to RimWorld.StatModifier (null stat)
Could not resolve cross-reference: No RimWorld.StatDef named BeautyOutdoors found to give to RimWorld.StatModifier (null stat)
Could not resolve cross-reference: No RimWorld.StatDef named BeautyOutdoors found to give to RimWorld.StatModifier (null stat)
Could not resolve cross-reference: No RimWorld.StatDef named BeautyOutdoors found to give to RimWorld.StatModifier (null stat)
Could not resolve cross-reference: No RimWorld.StatDef named BeautyOutdoors found to give to RimWorld.StatModifier (null stat)
Could not resolve cross-reference: No RimWorld.StatDef named Beauty found to give to RimWorld.StatModifier (null stat)
Could not resolve cross-reference: No RimWorld.StatDef named BeautyOutdoors found to give to RimWorld.StatModifier (null stat)
Could not resolve cross-reference: No RimWorld.StatDef named Beauty found to give to RimWorld.StatModifier (null stat)
Could not resolve cross-reference: No RimWorld.StatDef named BeautyOutdoors found to give to RimWorld.StatModifier (null stat)
Could not resolve cross-reference: No RimWorld.StatDef named Beauty found to give to RimWorld.StatModifier (null stat)
Could not resolve cross-reference: No RimWorld.StatDef named BeautyOutdoors found to give to RimWorld.StatModifier (null stat)
Could not resolve cross-reference: No RimWorld.StatDef named BeautyOutdoors found to give to RimWorld.StatModifier (null stat)
Could not resolve cross-reference: No RimWorld.StatDef named BeautyOutdoors found to give to RimWorld.StatModifier (null stat)
Could not resolve cross-reference: No RimWorld.StatDef named BeautyOutdoors found to give to RimWorld.StatModifier (null stat)
Could not resolve cross-reference: No RimWorld.StatDef named BeautyOutdoors found to give to RimWorld.StatModifier (null stat)
Could not resolve cross-reference: No RimWorld.StatDef named BeautyOutdoors found to give to RimWorld.StatModifier (null stat)
Could not resolve cross-reference: No RimWorld.StatDef named Beauty found to give to RimWorld.StatModifier (null stat)
Could not resolve cross-reference: No RimWorld.StatDef named BeautyOutdoors found to give to RimWorld.StatModifier (null stat)
Could not resolve cross-reference: No RimWorld.StatDef named Beauty found to give to RimWorld.StatModifier (null stat)
Could not resolve cross-reference: No RimWorld.StatDef named BeautyOutdoors found to give to RimWorld.StatModifier (null stat)
Could not resolve cross-reference: No RimWorld.StatDef named BeautyOutdoors found to give to RimWorld.StatModifier (null stat)
Could not resolve cross-reference: No RimWorld.StatDef named Beauty found to give to RimWorld.StatModifier (null stat)
Could not resolve cross-reference: No RimWorld.StatDef named BeautyOutdoors found to give to RimWorld.StatModifier (null stat)
Could not resolve cross-reference: No RimWorld.StatDef named BeautyOutdoors found to give to RimWorld.StatModifier (null stat)
Could not resolve cross-reference: No RimWorld.StatDef named BeautyOutdoors found to give to RimWorld.StatModifier (null stat)
Could not resolve cross-reference: No RimWorld.StatDef named Beauty found to give to RimWorld.StatModifier (null stat)
Could not resolve cross-reference: No RimWorld.StatDef named BeautyOutdoors found to give to RimWorld.StatModifier (null stat)
Could not resolve cross-reference: No RimWorld.StatDef named BeautyOutdoors found to give to RimWorld.StatModifier (null stat)
Could not resolve cross-reference: No RimWorld.StatDef named BeautyOutdoors found to give to RimWorld.StatModifier (null stat)
Could not resolve cross-reference: No RimWorld.StatDef named BeautyOutdoors found to give to RimWorld.StatModifier (null stat)
Could not resolve cross-reference: No RimWorld.StatDef named Beauty found to give to RimWorld.StatModifier (null stat)
Could not resolve cross-reference: No RimWorld.StatDef named BeautyOutdoors found to give to RimWorld.StatModifier (null stat)
Could not resolve cross-reference: No RimWorld.StatDef named BeautyOutdoors found to give to RimWorld.StatModifier (null stat)
Could not resolve cross-reference: No RimWorld.StatDef named BeautyOutdoors found to give to RimWorld.StatModifier (null stat)
Could not resolve cross-reference: No RimWorld.StatDef named Beauty found to give to RimWorld.StatModifier (null stat)
Could not resolve cross-reference: No RimWorld.StatDef named Beauty found to give to RimWorld.StatModifier (null stat)
Could not resolve cross-reference: No RimWorld.StatDef named Beauty found to give to RimWorld.StatModifier (null stat)
Could not resolve cross-reference: No RimWorld.StatDef named Beauty found to give to RimWorld.StatModifier (null stat)
Could not resolve cross-reference: No RimWorld.StatDef named Beauty found to give to RimWorld.StatModifier (null stat)
Could not resolve cross-reference: No RimWorld.StatDef named Beauty found to give to RimWorld.StatModifier (null stat)
Could not resolve cross-reference: No RimWorld.StatDef named Beauty found to give to RimWorld.StatModifier (null stat)
Could not resolve cross-reference: No RimWorld.StatDef named Beauty found to give to RimWorld.StatModifier (null stat)
Could not resolve cross-reference: No RimWorld.StatDef named Beauty found to give to RimWorld.StatModifier (null stat)
Could not resolve cross-reference: No RimWorld.StatDef named Beauty found to give to RimWorld.StatModifier (null stat)
Could not resolve cross-reference: No RimWorld.StatDef named Beauty found to give to RimWorld.StatModifier (null stat)
Could not resolve cross-reference: No RimWorld.StatDef named Beauty found to give to RimWorld.StatModifier (null stat)
Could not resolve cross-reference: No RimWorld.StatDef named Beauty found to give to RimWorld.StatModifier (null stat)
Could not resolve cross-reference: No RimWorld.StatDef named Beauty found to give to RimWorld.StatModifier (null stat)
Could not resolve cross-reference: No RimWorld.StatDef named Beauty found to give to RimWorld.StatModifier (null stat)
Could not resolve cross-reference: No RimWorld.StatDef named Beauty found to give to RimWorld.StatModifier (null stat)
Could not resolve cross-reference: No RimWorld.StatDef named Beauty found to give to RimWorld.StatModifier (null stat)
Could not resolve cross-reference: No RimWorld.StatDef named Beauty found to give to RimWorld.StatModifier (null stat)
Could not resolve cross-reference: No RimWorld.StatDef named Beauty found to give to RimWorld.StatModifier (null stat)
Could not resolve cross-reference: No RimWorld.StatDef named Beauty found to give to RimWorld.StatModifier (null stat)
Could not resolve cross-reference: No RimWorld.StatDef named Beauty found to give to RimWorld.StatModifier (null stat)
Could not resolve cross-reference: No RimWorld.StatDef named Beauty found to give to RimWorld.StatModifier (null stat)
Could not resolve cross-reference: No RimWorld.StatDef named Beauty found to give to RimWorld.StatModifier (null stat)
Could not resolve cross-reference: No RimWorld.StatDef named Beauty found to give to RimWorld.StatModifier (null stat)
Could not resolve cross-reference: No RimWorld.StatDef named Beauty found to give to RimWorld.StatModifier (null stat)
Could not resolve cross-reference: No RimWorld.StatDef named Beauty found to give to RimWorld.StatModifier (null stat)
Could not resolve cross-reference: No RimWorld.StatDef named Beauty found to give to RimWorld.StatModifier (null stat)
Could not resolve cross-reference: No RimWorld.StatDef named Beauty found to give to RimWorld.StatModifier (null stat)
Could not resolve cross-reference: No RimWorld.StatDef named Beauty found to give to RimWorld.StatModifier (null stat)
Could not resolve cross-reference: No RimWorld.StatDef named Beauty found to give to RimWorld.StatModifier (null stat)
Could not resolve cross-reference: No RimWorld.StatDef named Beauty found to give to RimWorld.StatModifier (null stat)
Could not resolve cross-reference: No RimWorld.StatDef named Beauty found to give to RimWorld.StatModifier (null stat)
Could not resolve cross-reference: No RimWorld.StatDef named Beauty found to give to RimWorld.StatModifier (null stat)
Could not resolve cross-reference: No RimWorld.StatDef named Beauty found to give to RimWorld.StatModifier (null stat)
Could not resolve cross-reference: No RimWorld.StatDef named Beauty found to give to RimWorld.StatModifier (null stat)
Could not resolve cross-reference: No RimWorld.StatDef named Beauty found to give to RimWorld.StatModifier (null stat)
Could not resolve cross-reference: No RimWorld.StatDef named Beauty found to give to RimWorld.StatModifier (null stat)
Could not resolve cross-reference: No RimWorld.StatDef named Beauty found to give to RimWorld.StatModifier (null stat)
Could not resolve cross-reference: No RimWorld.StatDef named Beauty found to give to RimWorld.StatModifier (null stat)
Could not resolve cross-reference: No RimWorld.StatDef named Beauty found to give to RimWorld.StatModifier (null stat)
Could not resolve cross-reference: No RimWorld.StatDef named Beauty found to give to RimWorld.StatModifier (null stat)
Could not resolve cross-reference: No RimWorld.StatDef named Beauty found to give to RimWorld.StatModifier (null stat)
Could not resolve cross-reference: No RimWorld.StatDef named Beauty found to give to RimWorld.StatModifier (null stat)
Could not resolve cross-reference: No RimWorld.StatDef named Beauty found to give to RimWorld.StatModifier (null stat)
Could not resolve cross-reference: No RimWorld.StatDef named Beauty found to give to RimWorld.StatModifier (null stat)
Could not resolve cross-reference: No RimWorld.StatDef named Beauty found to give to RimWorld.StatModifier (null stat)
Could not resolve cross-reference: No RimWorld.StatDef named Beauty found to give to RimWorld.StatModifier (null stat)
Could not resolve cross-reference: No RimWorld.StatDef named Beauty found to give to RimWorld.StatModifier (null stat)
Could not resolve cross-reference: No RimWorld.StatDef named Beauty found to give to RimWorld.StatModifier (null stat)
Could not resolve cross-reference: No RimWorld.StatDef named Beauty found to give to RimWorld.StatModifier (null stat)
Could not resolve cross-reference: No RimWorld.StatDef named Beauty found to give to RimWorld.StatModifier (null stat)
Could not resolve cross-reference: No RimWorld.StatDef named Beauty found to give to RimWorld.StatModifier (null stat)
Could not resolve cross-reference: No RimWorld.StatDef named Beauty found to give to RimWorld.StatModifier (null stat)
Could not resolve cross-reference: No RimWorld.StatDef named Beauty found to give to RimWorld.StatModifier (null stat)
Could not resolve cross-reference: No RimWorld.StatDef named Beauty found to give to RimWorld.StatModifier (null stat)
Could not resolve cross-reference: No RimWorld.StatDef named Beauty found to give to RimWorld.StatModifier (null stat)
Could not resolve cross-reference: No RimWorld.StatDef named Beauty found to give to RimWorld.StatModifier (null stat)
Could not resolve cross-reference: No RimWorld.StatDef named Beauty found to give to RimWorld.StatModifier (null stat)
Could not resolve cross-reference: No RimWorld.StatDef named Beauty found to give to RimWorld.StatModifier (null stat)
Could not resolve cross-reference: No RimWorld.StatDef named Beauty found to give to RimWorld.StatModifier (null stat)
Could not resolve cross-reference: No RimWorld.StatDef named Beauty found to give to RimWorld.StatModifier (null stat)
Could not resolve cross-reference: No RimWorld.StatDef named Beauty found to give to RimWorld.StatModifier (null stat)
Could not resolve cross-reference: No RimWorld.StatDef named Beauty found to give to RimWorld.StatModifier (null stat)
Could not resolve cross-reference: No RimWorld.StatDef named Beauty found to give to RimWorld.StatModifier (null stat)
Could not resolve cross-reference: No RimWorld.StatDef named Beauty found to give to RimWorld.StatModifier (null stat)
Could not resolve cross-reference to Verse.ThingDef named Joy_DartsBoard (wanter=thingDefs)
Could not resolve cross-reference: No RimWorld.StatDef named Beauty found to give to RimWorld.StatModifier (null stat)
Could not resolve cross-reference: No RimWorld.StatDef named Beauty found to give to RimWorld.StatModifier (null stat)
Could not resolve cross-reference: No RimWorld.StatDef named Beauty found to give to RimWorld.StatModifier (null stat)
Could not resolve cross-reference: No RimWorld.StatDef named Beauty found to give to RimWorld.StatModifier (null stat)
Could not resolve cross-reference: No RimWorld.StatDef named Beauty found to give to RimWorld.StatModifier (null stat)
Could not resolve cross-reference: No RimWorld.StatDef named Beauty found to give to RimWorld.StatModifier (null stat)
Could not resolve cross-reference: No RimWorld.StatDef named Beauty found to give to RimWorld.StatModifier (null stat)
Could not resolve cross-reference: No RimWorld.StatDef named Beauty found to give to RimWorld.StatModifier (null stat)
Could not resolve cross-reference: No RimWorld.StatDef named Beauty found to give to RimWorld.StatModifier (null stat)
Could not resolve cross-reference: No RimWorld.StatDef named Beauty found to give to RimWorld.StatModifier (null stat)
Could not resolve cross-reference: No RimWorld.StatDef named Beauty found to give to RimWorld.StatModifier (null stat)
Could not resolve cross-reference: No RimWorld.StatDef named Beauty found to give to RimWorld.StatModifier (null stat)
Could not resolve cross-reference: No RimWorld.StatDef named Beauty found to give to RimWorld.StatModifier (null stat)
Could not resolve cross-reference: No RimWorld.StatDef named BeautyOutdoors found to give to RimWorld.StatModifier (null stat)
Could not resolve cross-reference: No RimWorld.StatDef named BeautyOutdoors found to give to RimWorld.StatModifier (null stat)
Could not resolve cross-reference: No RimWorld.StatDef named Beauty found to give to RimWorld.StatModifier (null stat)
Could not resolve cross-reference: No RimWorld.StatDef named Beauty found to give to RimWorld.StatModifier (null stat)
Could not resolve cross-reference: No RimWorld.StatDef named Beauty found to give to RimWorld.StatModifier (null stat)
Could not resolve cross-reference: No RimWorld.StatDef named Beauty found to give to RimWorld.StatModifier (null stat)
Could not resolve cross-reference: No RimWorld.StatDef named BeautyOutdoors found to give to RimWorld.StatModifier (null stat)
Could not resolve cross-reference: No RimWorld.StatDef named BeautyOutdoors found to give to RimWorld.StatModifier (null stat)
Could not resolve cross-reference: No RimWorld.StatDef named BeautyOutdoors found to give to RimWorld.StatModifier (null stat)
Could not resolve cross-reference: No RimWorld.StatDef named Beauty found to give to RimWorld.StatModifier (null stat)
Could not resolve cross-reference: No RimWorld.StatDef named BeautyOutdoors found to give to RimWorld.StatModifier (null stat)
Could not resolve cross-reference: No RimWorld.StatDef named Beauty found to give to RimWorld.StatModifier (null stat)
Could not resolve cross-reference: No RimWorld.StatDef named BeautyOutdoors found to give to RimWorld.StatModifier (null stat)
Could not resolve cross-reference: No RimWorld.StatDef named Beauty found to give to RimWorld.StatModifier (null stat)
Could not resolve cross-reference: No RimWorld.StatDef named BeautyOutdoors found to give to RimWorld.StatModifier (null stat)
Could not resolve cross-reference: No RimWorld.StatDef named Beauty found to give to RimWorld.StatModifier (null stat)
Could not resolve cross-reference: No RimWorld.StatDef named Beauty found to give to RimWorld.StatModifier (null stat)
Could not resolve cross-reference: No RimWorld.StatDef named Beauty found to give to RimWorld.StatModifier (null stat)
Could not resolve cross-reference: No RimWorld.StatDef named Beauty found to give to RimWorld.StatModifier (null stat)
Could not resolve cross-reference: No RimWorld.StatDef named Beauty found to give to RimWorld.StatModifier (null stat)
Could not resolve cross-reference: No RimWorld.StatDef named Beauty found to give to RimWorld.StatModifier (null stat)
Could not resolve cross-reference: No RimWorld.StatDef named Beauty found to give to RimWorld.StatModifier (null stat)
Could not resolve cross-reference: No RimWorld.StatDef named Beauty found to give to RimWorld.StatModifier (null stat)
Could not resolve cross-reference: No RimWorld.StatDef named Beauty found to give to RimWorld.StatModifier (null stat)
Could not resolve cross-reference: No RimWorld.StatDef named Beauty found to give to RimWorld.StatModifier (null stat)
Could not resolve cross-reference: No RimWorld.StatDef named Beauty found to give to RimWorld.StatModifier (null stat)
Could not resolve cross-reference: No RimWorld.StatDef named Beauty found to give to RimWorld.StatModifier (null stat)
Could not resolve cross-reference to Verse.ThingDef named Joy_PunchingBag (wanter=thingDefs)
Could not resolve cross-reference: No RimWorld.StatDef named Beauty found to give to RimWorld.StatModifier (null stat)
Could not resolve cross-reference: No RimWorld.StatDef named Beauty found to give to RimWorld.StatModifier (null stat)
Could not resolve cross-reference: No RimWorld.StatDef named Beauty found to give to RimWorld.StatModifier (null stat)
Could not resolve cross-reference: No RimWorld.StatDef named BeautyOutdoors found to give to RimWorld.StatModifier (null stat)
Could not resolve cross-reference: No RimWorld.StatDef named Beauty found to give to RimWorld.StatModifier (null stat)
Could not resolve cross-reference: No RimWorld.StatDef named Beauty found to give to RimWorld.StatModifier (null stat)
Could not resolve cross-reference: No RimWorld.StatDef named Beauty found to give to RimWorld.StatModifier (null stat)
Could not resolve cross-reference: No RimWorld.StatDef named Beauty found to give to RimWorld.StatModifier (null stat)
Could not resolve cross-reference: No RimWorld.StatDef named Beauty found to give to RimWorld.StatModifier (null stat)
Could not resolve cross-reference: No RimWorld.StatDef named Beauty found to give to RimWorld.StatModifier (null stat)
Could not resolve cross-reference: No RimWorld.StatDef named Beauty found to give to RimWorld.StatModifier (null stat)
Could not resolve cross-reference: No RimWorld.StatDef named Beauty found to give to RimWorld.StatModifier (null stat)
Could not resolve cross-reference: No RimWorld.StatDef named Beauty found to give to RimWorld.StatModifier (null stat)
Could not resolve cross-reference: No RimWorld.StatDef named Beauty found to give to RimWorld.StatModifier (null stat)
Could not resolve cross-reference: No RimWorld.StatDef named Beauty found to give to RimWorld.StatModifier (null stat)
Could not resolve cross-reference: No RimWorld.StatDef named Beauty found to give to RimWorld.StatModifier (null stat)
Could not resolve cross-reference: No RimWorld.StatDef named Beauty found to give to RimWorld.StatModifier (null stat)
Could not resolve cross-reference: No RimWorld.StatDef named Beauty found to give to RimWorld.StatModifier (null stat)
Could not resolve cross-reference: No RimWorld.StatDef named Beauty found to give to RimWorld.StatModifier (null stat)
Could not resolve cross-reference: No RimWorld.StatDef named Beauty found to give to RimWorld.StatModifier (null stat)
Could not resolve cross-reference to Verse.ThingDef named Joy_ModernComputer (wanter=thingDefs)
Could not resolve cross-reference: No RimWorld.StatDef named Beauty found to give to RimWorld.StatModifier (null stat)
Could not resolve cross-reference: No RimWorld.StatDef named Beauty found to give to RimWorld.StatModifier (null stat)
Could not resolve cross-reference: No RimWorld.StatDef named Beauty found to give to RimWorld.StatModifier (null stat)
Could not resolve cross-reference: No RimWorld.StatDef named BeautyOutdoors found to give to RimWorld.StatModifier (null stat)
Could not resolve cross-reference: No RimWorld.StatDef named BeautyOutdoors found to give to RimWorld.StatModifier (null stat)
Could not resolve cross-reference: No RimWorld.StatDef named BeautyOutdoors found to give to RimWorld.StatModifier (null stat)
Could not resolve cross-reference: No RimWorld.StatDef named BeautyOutdoors found to give to RimWorld.StatModifier (null stat)
Could not resolve cross-reference: No RimWorld.StatDef named BeautyOutdoors found to give to RimWorld.StatModifier (null stat)
Could not resolve cross-reference: No RimWorld.StatDef named BeautyOutdoors found to give to RimWorld.StatModifier (null stat)
Could not resolve cross-reference: No RimWorld.StatDef named BeautyOutdoors found to give to RimWorld.StatModifier (null stat)
Could not resolve cross-reference to Verse.ThingDef named Joy_InudstrialComputer (wanter=thingDefs)
Could not resolve cross-reference: No RimWorld.StatDef named Beauty found to give to RimWorld.StatModifier (null stat)
Could not resolve cross-reference: No RimWorld.StatDef named Beauty found to give to RimWorld.StatModifier (null stat)
Could not resolve cross-reference: No RimWorld.StatDef named Beauty found to give to RimWorld.StatModifier (null stat)
Could not resolve cross-reference: No RimWorld.StatDef named Beauty found to give to RimWorld.StatModifier (null stat)
Could not resolve cross-reference: No RimWorld.StatDef named Beauty found to give to RimWorld.StatModifier (null stat)
Could not resolve cross-reference: No RimWorld.StatDef named Beauty found to give to RimWorld.StatModifier (null stat)
Could not resolve cross-reference: No RimWorld.StatDef named Beauty found to give to RimWorld.StatModifier (null stat)
Could not resolve cross-reference: No RimWorld.StatDef named Beauty found to give to RimWorld.StatModifier (null stat)
Could not resolve cross-reference: No RimWorld.StatDef named Beauty found to give to RimWorld.StatModifier (null stat)
Could not resolve cross-reference: No RimWorld.StatDef named Beauty found to give to RimWorld.StatModifier (null stat)
Could not resolve cross-reference: No RimWorld.StatDef named Beauty found to give to RimWorld.StatModifier (null stat)
Could not resolve cross-reference: No RimWorld.StatDef named Beauty found to give to RimWorld.StatModifier (null stat)
Could not resolve cross-reference: No RimWorld.StatDef named Beauty found to give to RimWorld.StatModifier (null stat)
Could not resolve cross-reference: No RimWorld.StatDef named Beauty found to give to RimWorld.StatModifier (null stat)
Could not resolve cross-reference: No RimWorld.StatDef named Beauty found to give to RimWorld.StatModifier (null stat)
Could not resolve cross-reference: No RimWorld.StatDef named Beauty found to give to RimWorld.StatModifier (null stat)
Could not resolve cross-reference: No RimWorld.StatDef named Beauty found to give to RimWorld.StatModifier (null stat)
Could not resolve cross-reference: No RimWorld.StatDef named Beauty found to give to RimWorld.StatModifier (null stat)
Could not resolve cross-reference to Verse.ThingDef named VFE_Lounger (wanter=thingDefs)
Could not resolve cross-reference: No RimWorld.StatDef named Beauty found to give to RimWorld.StatModifier (null stat)
Could not resolve cross-reference: No RimWorld.StatDef named Beauty found to give to RimWorld.StatModifier (null stat)
Could not resolve cross-reference: No RimWorld.StatDef named Beauty found to give to RimWorld.StatModifier (null stat)
Could not resolve cross-reference: No RimWorld.StatDef named Beauty found to give to RimWorld.StatModifier (null stat)
Could not resolve cross-reference: No RimWorld.StatDef named Beauty found to give to RimWorld.StatModifier (null stat)
Could not resolve cross-reference: No RimWorld.StatDef named Beauty found to give to RimWorld.StatModifier (null stat)
Could not resolve cross-reference: No RimWorld.StatDef named Beauty found to give to RimWorld.StatModifier (null stat)
Could not resolve cross-reference: No RimWorld.StatDef named Beauty found to give to RimWorld.StatModifier (null stat)
Could not resolve cross-reference: No RimWorld.StatDef named Beauty found to give to RimWorld.StatModifier (null stat)
Could not resolve cross-reference: No RimWorld.StatDef named Beauty found to give to RimWorld.StatModifier (null stat)
Could not resolve cross-reference: No RimWorld.StatDef named Beauty found to give to RimWorld.StatModifier (null stat)
Could not resolve cross-reference: No RimWorld.StatDef named Beauty found to give to RimWorld.StatModifier (null stat)
Could not resolve cross-reference: No RimWorld.StatDef named Beauty found to give to RimWorld.StatModifier (null stat)
Could not resolve cross-reference: No RimWorld.StatDef named Beauty found to give to RimWorld.StatModifier (null stat)
Could not resolve cross-reference: No RimWorld.StatDef named Beauty found to give to RimWorld.StatModifier (null stat)
Could not resolve cross-reference: No RimWorld.StatDef named Beauty found to give to RimWorld.StatModifier (null stat)
Could not resolve cross-reference: No RimWorld.StatDef named Beauty found to give to RimWorld.StatModifier (null stat)
Could not resolve cross-reference: No RimWorld.StatDef named Beauty found to give to RimWorld.StatModifier (null stat)
Could not resolve cross-reference: No RimWorld.StatDef named Beauty found to give to RimWorld.StatModifier (null stat)
Could not resolve cross-reference: No RimWorld.StatDef named Beauty found to give to RimWorld.StatModifier (null stat)
Could not resolve cross-reference: No RimWorld.StatDef named Beauty found to give to RimWorld.StatModifier (null stat)
Could not resolve cross-reference: No RimWorld.StatDef named Beauty found to give to RimWorld.StatModifier (null stat)
Could not resolve cross-reference: No RimWorld.StatDef named Beauty found to give to RimWorld.StatModifier (null stat)
Could not resolve cross-reference: No RimWorld.StatDef named Beauty found to give to RimWorld.StatModifier (null stat)
Could not resolve cross-reference: No RimWorld.StatDef named Beauty found to give to RimWorld.StatModifier (null stat)
Could not resolve cross-reference: No RimWorld.StatDef named Beauty found to give to RimWorld.StatModifier (null stat)
Could not resolve cross-reference: No RimWorld.StatDef named Beauty found to give to RimWorld.StatModifier (null stat)
Could not resolve cross-reference: No RimWorld.StatDef named Beauty found to give to RimWorld.StatModifier (null stat)
Could not resolve cross-reference: No RimWorld.StatDef named Beauty found to give to RimWorld.StatModifier (null stat)
Could not resolve cross-reference: No RimWorld.StatDef named Beauty found to give to RimWorld.StatModifier (null stat)
Could not resolve cross-reference: No RimWorld.StatDef named Beauty found to give to RimWorld.StatModifier (null stat)
Could not resolve cross-reference: No RimWorld.StatDef named Beauty found to give to RimWorld.StatModifier (null stat)
Could not resolve cross-reference: No RimWorld.StatDef named Beauty found to give to RimWorld.StatModifier (null stat)
Could not resolve cross-reference: No RimWorld.StatDef named Beauty found to give to RimWorld.StatModifier (null stat)
Could not resolve cross-reference: No RimWorld.StatDef named Beauty found to give to RimWorld.StatModifier (null stat)
Could not resolve cross-reference: No RimWorld.StatDef named Beauty found to give to RimWorld.StatModifier (null stat)
Could not resolve cross-reference: No RimWorld.StatDef named Beauty found to give to RimWorld.StatModifier (null stat)
Could not resolve cross-reference: No RimWorld.StatDef named Beauty found to give to RimWorld.StatModifier (null stat)
Could not resolve cross-reference: No RimWorld.StatDef named Beauty found to give to RimWorld.StatModifier (null stat)
Could not resolve cross-reference: No RimWorld.StatDef named BeautyOutdoors found to give to RimWorld.StatModifier (null stat)
Could not resolve cross-reference: No RimWorld.StatDef named Beauty found to give to RimWorld.StatModifier (null stat)
Could not resolve cross-reference: No RimWorld.StatDef named Beauty found to give to RimWorld.StatModifier (null stat)
Could not resolve cross-reference: No RimWorld.StatDef named Beauty found to give to RimWorld.StatModifier (null stat)
Could not resolve cross-reference: No RimWorld.StatDef named Beauty found to give to RimWorld.StatModifier (null stat)
Could not resolve cross-reference: No RimWorld.StatDef named Beauty found to give to RimWorld.StatModifier (null stat)
Could not resolve cross-reference: No RimWorld.StatDef named Beauty found to give to RimWorld.StatModifier (null stat)
Could not resolve cross-reference: No RimWorld.StatDef named Beauty found to give to RimWorld.StatModifier (null stat)
Could not resolve cross-reference: No RimWorld.StatDef named Beauty found to give to RimWorld.StatModifier (null stat)
Could not resolve cross-reference: No RimWorld.StatDef named Beauty found to give to RimWorld.StatModifier (null stat)
Could not resolve cross-reference: No RimWorld.StatDef named Beauty found to give to RimWorld.StatModifier (null stat)
Could not resolve cross-reference: No RimWorld.StatDef named Beauty found to give to RimWorld.StatModifier (null stat)
Could not resolve cross-reference: No RimWorld.StatDef named Beauty found to give to RimWorld.StatModifier (null stat)
Could not resolve cross-reference: No RimWorld.StatDef named Beauty found to give to RimWorld.StatModifier (null stat)
Could not resolve cross-reference: No RimWorld.StatDef named Beauty found to give to RimWorld.StatModifier (null stat)
Could not resolve cross-reference: No RimWorld.StatDef named Beauty found to give to RimWorld.StatModifier (null stat)
Could not resolve cross-reference: No RimWorld.StatDef named Beauty found to give to RimWorld.StatModifier (null stat)
Could not resolve cross-reference: No RimWorld.StatDef named Beauty found to give to RimWorld.StatModifier (null stat)
Could not resolve cross-reference: No RimWorld.StatDef named Beauty found to give to RimWorld.StatModifier (null stat)
Could not resolve cross-reference: No RimWorld.StatDef named Beauty found to give to RimWorld.StatModifier (null stat)
Could not resolve cross-reference: No RimWorld.StatDef named Beauty found to give to RimWorld.StatModifier (null stat)
Could not resolve cross-reference: No RimWorld.StatDef named Beauty found to give to RimWorld.StatModifier (null stat)
Could not resolve cross-reference: No RimWorld.StatDef named Beauty found to give to RimWorld.StatModifier (null stat)
Could not resolve cross-reference: No RimWorld.StatDef named Beauty found to give to RimWorld.StatModifier (null stat)
Could not resolve cross-reference: No RimWorld.StatDef named Beauty found to give to RimWorld.StatModifier (null stat)
Could not resolve cross-reference: No RimWorld.StatDef named Beauty found to give to RimWorld.StatModifier (null stat)
Could not resolve cross-reference: No RimWorld.StatDef named Beauty found to give to RimWorld.StatModifier (null stat)
Could not resolve cross-reference: No RimWorld.StatDef named Beauty found to give to RimWorld.StatModifier (null stat)
Could not resolve cross-reference: No RimWorld.StatDef named Beauty found to give to RimWorld.StatModifier (null stat)
Could not resolve cross-reference: No RimWorld.StatDef named Beauty found to give to RimWorld.StatModifier (null stat)
Could not resolve cross-reference: No RimWorld.StatDef named Beauty found to give to RimWorld.StatModifier (null stat)
Could not resolve cross-reference: No RimWorld.StatDef named Beauty found to give to RimWorld.StatModifier (null stat)
Could not resolve cross-reference: No RimWorld.StatDef named Beauty found to give to RimWorld.StatModifier (null stat)
Could not resolve cross-reference: No RimWorld.StatDef named Beauty found to give to RimWorld.StatModifier (null stat)
Could not resolve cross-reference: No RimWorld.StatDef named Beauty found to give to RimWorld.StatModifier (null stat)
Could not resolve cross-reference: No RimWorld.StatDef named Beauty found to give to RimWorld.StatModifier (null stat)
Could not resolve cross-reference: No RimWorld.StatDef named Beauty found to give to RimWorld.StatModifier (null stat)
Could not resolve cross-reference: No RimWorld.StatDef named Beauty found to give to RimWorld.StatModifier (null stat)
Could not resolve cross-reference: No RimWorld.StatDef named Beauty found to give to RimWorld.StatModifier (null stat)
Could not resolve cross-reference: No RimWorld.StatDef named Beauty found to give to RimWorld.StatModifier (null stat)
Could not resolve cross-reference: No RimWorld.StatDef named Beauty found to give to RimWorld.StatModifier (null stat)
Could not resolve cross-reference: No RimWorld.StatDef named Beauty found to give to RimWorld.StatModifier (null stat)
Could not resolve cross-reference: No RimWorld.StatDef named Beauty found to give to RimWorld.StatModifier (null stat)
Could not resolve cross-reference: No RimWorld.StatDef named Beauty found to give to RimWorld.StatModifier (null stat)
Could not resolve cross-reference: No RimWorld.StatDef named Beauty found to give to RimWorld.StatModifier (null stat)
Could not resolve cross-reference: No RimWorld.StatDef named Beauty found to give to RimWorld.StatModifier (null stat)
Could not resolve cross-reference: No RimWorld.StatDef named Beauty found to give to RimWorld.StatModifier (null stat)
Could not resolve cross-reference: No RimWorld.StatDef named Beauty found to give to RimWorld.StatModifier (null stat)
Could not resolve cross-reference: No RimWorld.StatDef named Beauty found to give to RimWorld.StatModifier (null stat)
Could not resolve cross-reference: No RimWorld.StatDef named Beauty found to give to RimWorld.StatModifier (null stat)
Could not resolve cross-reference: No RimWorld.StatDef named Beauty found to give to RimWorld.StatModifier (null stat)
Could not resolve cross-reference: No RimWorld.StatDef named Beauty found to give to RimWorld.StatModifier (null stat)
Could not resolve cross-reference: No RimWorld.StatDef named Beauty found to give to RimWorld.StatModifier (null stat)
Could not resolve cross-reference: No RimWorld.StatDef named Beauty found to give to RimWorld.StatModifier (null stat)
Could not resolve cross-reference: No RimWorld.StatDef named Beauty found to give to RimWorld.StatModifier (null stat)
Could not resolve cross-reference: No RimWorld.StatDef named Beauty found to give to RimWorld.StatModifier (null stat)
Could not resolve cross-reference: No RimWorld.StatDef named Beauty found to give to RimWorld.StatModifier (null stat)
Could not resolve cross-reference: No RimWorld.StatDef named Beauty found to give to RimWorld.StatModifier (null stat)
Could not resolve cross-reference: No RimWorld.StatDef named Beauty found to give to RimWorld.StatModifier (null stat)
Could not resolve cross-reference: No RimWorld.StatDef named Beauty found to give to RimWorld.StatModifier (null stat)
Could not resolve cross-reference: No RimWorld.StatDef named Beauty found to give to RimWorld.StatModifier (null stat)
Could not resolve cross-reference: No RimWorld.StatDef named Beauty found to give to RimWorld.StatModifier (null stat)
Could not resolve cross-reference: No RimWorld.StatDef named Beauty found to give to RimWorld.StatModifier (null stat)
Could not resolve cross-reference: No RimWorld.StatDef named Beauty found to give to RimWorld.StatModifier (null stat)
Could not resolve cross-reference: No RimWorld.StatDef named Beauty found to give to RimWorld.StatModifier (null stat)
Could not resolve cross-reference: No RimWorld.StatDef named Beauty found to give to RimWorld.StatModifier (null stat)
Could not resolve cross-reference: No RimWorld.StatDef named Beauty found to give to RimWorld.StatModifier (null stat)
Could not resolve cross-reference: No RimWorld.StatDef named Beauty found to give to RimWorld.StatModifier (null stat)
Could not resolve cross-reference: No RimWorld.StatDef named Beauty found to give to RimWorld.StatModifier (null stat)
Could not resolve cross-reference: No RimWorld.StatDef named Beauty found to give to RimWorld.StatModifier (null stat)
Could not resolve cross-reference: No RimWorld.StatDef named Beauty found to give to RimWorld.StatModifier (null stat)
Could not resolve cross-reference: No RimWorld.StatDef named Beauty found to give to RimWorld.StatModifier (null stat)
Could not resolve cross-reference: No RimWorld.StatDef named Beauty found to give to RimWorld.StatModifier (null stat)
Could not resolve cross-reference: No RimWorld.StatDef named Beauty found to give to RimWorld.StatModifier (null stat)
Could not resolve cross-reference: No RimWorld.StatDef named Beauty found to give to RimWorld.StatModifier (null stat)
Could not resolve cross-reference: No RimWorld.StatDef named Beauty found to give to RimWorld.StatModifier (null stat)
Could not resolve cross-reference: No RimWorld.StatDef named Beauty found to give to RimWorld.StatModifier (null stat)
Could not resolve cross-reference: No RimWorld.StatDef named Beauty found to give to RimWorld.StatModifier (null stat)
Could not resolve cross-reference: No RimWorld.StatDef named Beauty found to give to RimWorld.StatModifier (null stat)
Could not resolve cross-reference: No RimWorld.StatDef named Beauty found to give to RimWorld.StatModifier (null stat)
Could not resolve cross-reference: No RimWorld.StatDef named Beauty found to give to RimWorld.StatModifier (null stat)
Could not resolve cross-reference: No RimWorld.StatDef named Beauty found to give to RimWorld.StatModifier (null stat)
Could not resolve cross-reference: No RimWorld.StatDef named Beauty found to give to RimWorld.StatModifier (null stat)
Could not resolve cross-reference: No RimWorld.StatDef named Beauty found to give to RimWorld.StatModifier (null stat)
Could not resolve cross-reference: No RimWorld.StatDef named Beauty found to give to RimWorld.StatModifier (null stat)
Could not resolve cross-reference: No RimWorld.StatDef named Beauty found to give to RimWorld.StatModifier (null stat)
Could not resolve cross-reference: No RimWorld.StatDef named Beauty found to give to RimWorld.StatModifier (null stat)
Could not resolve cross-reference: No RimWorld.StatDef named Beauty found to give to RimWorld.StatModifier (null stat)
Could not resolve cross-reference: No RimWorld.StatDef named Beauty found to give to RimWorld.StatModifier (null stat)
Could not resolve cross-reference: No RimWorld.StatDef named Beauty found to give to RimWorld.StatModifier (null stat)
Could not resolve cross-reference: No RimWorld.StatDef named Beauty found to give to RimWorld.StatModifier (null stat)
Could not resolve cross-reference: No RimWorld.StatDef named Beauty found to give to RimWorld.StatModifier (null stat)
Could not resolve cross-reference: No RimWorld.StatDef named Beauty found to give to RimWorld.StatModifier (null stat)
Could not resolve cross-reference: No RimWorld.StatDef named Beauty found to give to RimWorld.StatModifier (null stat)
Could not resolve cross-reference: No RimWorld.StatDef named Beauty found to give to RimWorld.StatModifier (null stat)
Could not resolve cross-reference: No RimWorld.StatDef named Beauty found to give to RimWorld.StatModifier (null stat)
Could not resolve cross-reference: No RimWorld.StatDef named Beauty found to give to RimWorld.StatModifier (null stat)
Could not resolve cross-reference: No RimWorld.StatDef named Beauty found to give to RimWorld.StatModifier (null stat)
Could not resolve cross-reference: No RimWorld.StatDef named Beauty found to give to RimWorld.StatModifier (null stat)
Could not resolve cross-reference: No RimWorld.StatDef named Beauty found to give to RimWorld.StatModifier (null stat)
Could not resolve cross-reference: No RimWorld.StatDef named BeautyOutdoors found to give to RimWorld.StatModifier (null stat)
Could not resolve cross-reference: No RimWorld.StatDef named Beauty found to give to RimWorld.StatModifier (null stat)
Could not resolve cross-reference: No RimWorld.StatDef named BeautyOutdoors found to give to RimWorld.StatModifier (null stat)
Could not resolve cross-reference: No RimWorld.StatDef named Beauty found to give to RimWorld.StatModifier (null stat)
Could not resolve cross-reference: No RimWorld.StatDef named Beauty found to give to RimWorld.StatModifier (null stat)
Could not resolve cross-reference: No RimWorld.StatDef named Beauty found to give to RimWorld.StatModifier (null stat)
Could not resolve cross-reference: No RimWorld.StatDef named Beauty found to give to RimWorld.StatModifier (null stat)
Could not resolve cross-reference: No RimWorld.StatDef named Beauty found to give to RimWorld.StatModifier (null stat)
Could not resolve cross-reference: No RimWorld.StatDef named Beauty found to give to RimWorld.StatModifier (null stat)
Could not resolve cross-reference: No RimWorld.StatDef named Beauty found to give to RimWorld.StatModifier (null stat)
Could not resolve cross-reference: No RimWorld.StatDef named Beauty found to give to RimWorld.StatModifier (null stat)
Could not resolve cross-reference: No RimWorld.StatDef named Beauty found to give to RimWorld.StatModifier (null stat)
Could not resolve cross-reference: No RimWorld.StatDef named Beauty found to give to RimWorld.StatModifier (null stat)
Could not resolve cross-reference: No RimWorld.StatDef named Beauty found to give to RimWorld.StatModifier (null stat)
Could not resolve cross-reference: No RimWorld.StatDef named Beauty found to give to RimWorld.StatModifier (null stat)
Could not resolve cross-reference: No RimWorld.StatDef named Beauty found to give to RimWorld.StatModifier (null stat)
Could not resolve cross-reference: No RimWorld.StatDef named Beauty found to give to RimWorld.StatModifier (null stat)
Could not resolve cross-reference: No RimWorld.StatDef named Beauty found to give to RimWorld.StatModifier (null stat)
Could not resolve cross-reference: No RimWorld.StatDef named Beauty found to give to RimWorld.StatModifier (null stat)
Could not resolve cross-reference: No RimWorld.StatDef named Beauty found to give to RimWorld.StatModifier (null stat)
Could not resolve cross-reference: No RimWorld.StatDef named Beauty found to give to RimWorld.StatModifier (null stat)
Could not resolve cross-reference: No RimWorld.StatDef named Beauty found to give to RimWorld.StatModifier (null stat)
Could not resolve cross-reference: No RimWorld.StatDef named Beauty found to give to RimWorld.StatModifier (null stat)
Could not resolve cross-reference: No RimWorld.StatDef named Beauty found to give to RimWorld.StatModifier (null stat)
Could not resolve cross-reference: No RimWorld.StatDef named Beauty found to give to RimWorld.StatModifier (null stat)
Could not resolve cross-reference: No RimWorld.StatDef named BeautyOutdoors found to give to RimWorld.StatModifier (null stat)
Could not resolve cross-reference: No RimWorld.StatDef named Beauty found to give to RimWorld.StatModifier (null stat)
Could not resolve cross-reference: No RimWorld.StatDef named Beauty found to give to RimWorld.StatModifier (null stat)
Could not resolve cross-reference: No RimWorld.StatDef named Beauty found to give to RimWorld.StatModifier (null stat)
Could not resolve cross-reference: No RimWorld.StatDef named Beauty found to give to RimWorld.StatModifier (null stat)
Could not resolve cross-reference: No RimWorld.StatDef named Beauty found to give to RimWorld.StatModifier (null stat)
Could not resolve cross-reference: No RimWorld.StatDef named Beauty found to give to RimWorld.StatModifier (null stat)
Could not resolve cross-reference: No RimWorld.StatDef named Beauty found to give to RimWorld.StatModifier (null stat)
Could not resolve cross-reference: No RimWorld.StatDef named Beauty found to give to RimWorld.StatModifier (null stat)
Could not resolve cross-reference: No RimWorld.StatDef named Beauty found to give to RimWorld.StatModifier (null stat)
Could not resolve cross-reference: No RimWorld.StatDef named Beauty found to give to RimWorld.StatModifier (null stat)
Could not resolve cross-reference: No RimWorld.StatDef named Beauty found to give to RimWorld.StatModifier (null stat)
Could not resolve cross-reference: No RimWorld.StatDef named Beauty found to give to RimWorld.StatModifier (null stat)
Could not resolve cross-reference: No RimWorld.StatDef named Beauty found to give to RimWorld.StatModifier (null stat)
Could not resolve cross-reference: No RimWorld.StatDef named Beauty found to give to RimWorld.StatModifier (null stat)
Could not resolve cross-reference: No RimWorld.StatDef named Beauty found to give to RimWorld.StatModifier (null stat)
Could not resolve cross-reference: No RimWorld.StatDef named Beauty found to give to RimWorld.StatModifier (null stat)
Could not resolve cross-reference: No RimWorld.StatDef named Beauty found to give to RimWorld.StatModifier (null stat)
Could not resolve cross-reference: No RimWorld.StatDef named Beauty found to give to RimWorld.StatModifier (null stat)
Could not resolve cross-reference: No RimWorld.StatDef named Beauty found to give to RimWorld.StatModifier (null stat)
Could not resolve cross-reference: No RimWorld.StatDef named Beauty found to give to RimWorld.StatModifier (null stat)
Could not resolve cross-reference: No RimWorld.StatDef named Beauty found to give to RimWorld.StatModifier (null stat)
Could not resolve cross-reference: No RimWorld.StatDef named Beauty found to give to RimWorld.StatModifier (null stat)
Could not resolve cross-reference: No RimWorld.StatDef named Beauty found to give to RimWorld.StatModifier (null stat)
Could not resolve cross-reference: No RimWorld.StatDef named Beauty found to give to RimWorld.StatModifier (null stat)
Could not resolve cross-reference: No RimWorld.StatDef named Beauty found to give to RimWorld.StatModifier (null stat)
Could not resolve cross-reference: No RimWorld.StatDef named Beauty found to give to RimWorld.StatModifier (null stat)
Could not resolve cross-reference: No RimWorld.StatDef named Beauty found to give to RimWorld.StatModifier (null stat)
Could not resolve cross-reference: No RimWorld.StatDef named Beauty found to give to RimWorld.StatModifier (null stat)
Could not resolve cross-reference: No RimWorld.StatDef named Beauty found to give to RimWorld.StatModifier (null stat)
Could not resolve cross-reference: No RimWorld.StatDef named Beauty found to give to RimWorld.StatModifier (null stat)
Could not resolve cross-reference: No RimWorld.StatDef named Beauty found to give to RimWorld.StatModifier (null stat)
Could not resolve cross-reference: No RimWorld.StatDef named Beauty found to give to RimWorld.StatModifier (null stat)
Could not resolve cross-reference: No RimWorld.StatDef named Beauty found to give to RimWorld.StatModifier (null stat)
Could not resolve cross-reference: No RimWorld.StatDef named Beauty found to give to RimWorld.StatModifier (null stat)
Could not resolve cross-reference: No RimWorld.StatDef named Beauty found to give to RimWorld.StatModifier (null stat)
Could not resolve cross-reference: No RimWorld.StatDef named Beauty found to give to RimWorld.StatModifier (null stat)
Could not resolve cross-reference: No RimWorld.StatDef named Beauty found to give to RimWorld.StatModifier (null stat)
Could not resolve cross-reference: No RimWorld.StatDef named Beauty found to give to RimWorld.StatModifier (null stat)
Could not resolve cross-reference: No RimWorld.StatDef named Beauty found to give to RimWorld.StatModifier (null stat)
Could not resolve cross-reference: No RimWorld.StatDef named Beauty found to give to RimWorld.StatModifier (null stat)
Could not resolve cross-reference: No RimWorld.StatDef named Beauty found to give to RimWorld.StatModifier (null stat)
Could not resolve cross-reference: No RimWorld.StatDef named Beauty found to give to RimWorld.StatModifier (null stat)
Could not resolve cross-reference: No RimWorld.StatDef named Beauty found to give to RimWorld.StatModifier (null stat)
Could not resolve cross-reference: No RimWorld.StatDef named Beauty found to give to RimWorld.StatModifier (null stat)
Could not resolve cross-reference: No RimWorld.StatDef named Beauty found to give to RimWorld.StatModifier (null stat)
Could not resolve cross-reference: No RimWorld.StatDef named Beauty found to give to RimWorld.StatModifier (null stat)
Could not resolve cross-reference: No RimWorld.StatDef named Beauty found to give to RimWorld.StatModifier (null stat)
Could not resolve cross-reference: No RimWorld.StatDef named Beauty found to give to RimWorld.StatModifier (null stat)
Could not resolve cross-reference: No RimWorld.StatDef named Beauty found to give to RimWorld.StatModifier (null stat)
Could not resolve cross-reference: No RimWorld.StatDef named Beauty found to give to RimWorld.StatModifier (null stat)
Could not resolve cross-reference: No RimWorld.StatDef named Beauty found to give to RimWorld.StatModifier (null stat)
Could not resolve cross-reference: No RimWorld.StatDef named Beauty found to give to RimWorld.StatModifier (null stat)
Could not resolve cross-reference: No RimWorld.StatDef named Beauty found to give to RimWorld.StatModifier (null stat)
Could not resolve cross-reference: No RimWorld.StatDef named Beauty found to give to RimWorld.StatModifier (null stat)
Could not resolve cross-reference: No RimWorld.StatDef named Beauty found to give to RimWorld.StatModifier (null stat)
Could not resolve cross-reference: No RimWorld.StatDef named Beauty found to give to RimWorld.StatModifier (null stat)
Could not resolve cross-reference: No RimWorld.StatDef named Beauty found to give to RimWorld.StatModifier (null stat)
Could not resolve cross-reference: No RimWorld.StatDef named Beauty found to give to RimWorld.StatModifier (null stat)
Could not resolve cross-reference: No RimWorld.StatDef named Beauty found to give to RimWorld.StatModifier (null stat)
Could not resolve cross-reference: No RimWorld.StatDef named Beauty found to give to RimWorld.StatModifier (null stat)
Could not resolve cross-reference: No RimWorld.StatDef named Beauty found to give to RimWorld.StatModifier (null stat)
Could not resolve cross-reference: No RimWorld.StatDef named Beauty found to give to RimWorld.StatModifier (null stat)
Could not resolve cross-reference: No RimWorld.StatDef named Beauty found to give to RimWorld.StatModifier (null stat)
Could not resolve cross-reference: No RimWorld.StatDef named Beauty found to give to RimWorld.StatModifier (null stat)
Could not resolve cross-reference: No RimWorld.StatDef named Beauty found to give to RimWorld.StatModifier (null stat)
Could not resolve cross-reference: No RimWorld.StatDef named Beauty found to give to RimWorld.StatModifier (null stat)
Could not resolve cross-reference: No RimWorld.StatDef named Beauty found to give to RimWorld.StatModifier (null stat)
Could not resolve cross-reference: No RimWorld.StatDef named Beauty found to give to RimWorld.StatModifier (null stat)
Could not resolve cross-reference: No RimWorld.StatDef named Beauty found to give to RimWorld.StatModifier (null stat)
Could not resolve cross-reference: No RimWorld.StatDef named Beauty found to give to RimWorld.StatModifier (null stat)
Could not resolve cross-reference: No RimWorld.StatDef named Beauty found to give to RimWorld.StatModifier (null stat)
Could not resolve cross-reference: No RimWorld.StatDef named Beauty found to give to RimWorld.StatModifier (null stat)
Could not resolve cross-reference: No RimWorld.StatDef named Beauty found to give to RimWorld.StatModifier (null stat)
Could not resolve cross-reference: No RimWorld.StatDef named Beauty found to give to RimWorld.StatModifier (null stat)
Could not resolve cross-reference: No RimWorld.StatDef named Beauty found to give to RimWorld.StatModifier (null stat)
Could not resolve cross-reference: No RimWorld.StatDef named Beauty found to give to RimWorld.StatModifier (null stat)
Could not resolve cross-reference: No RimWorld.StatDef named Beauty found to give to RimWorld.StatModifier (null stat)
Could not resolve cross-reference: No RimWorld.StatDef named Beauty found to give to RimWorld.StatModifier (null stat)
Could not resolve cross-reference: No RimWorld.StatDef named Beauty found to give to RimWorld.StatModifier (null stat)
Could not resolve cross-reference: No RimWorld.StatDef named Beauty found to give to RimWorld.StatModifier (null stat)
Could not resolve cross-reference: No RimWorld.StatDef named Beauty found to give to RimWorld.StatModifier (null stat)
Could not resolve cross-reference: No RimWorld.StatDef named Beauty found to give to RimWorld.StatModifier (null stat)
Could not resolve cross-reference: No RimWorld.StatDef named Beauty found to give to RimWorld.StatModifier (null stat)
Could not resolve cross-reference: No RimWorld.StatDef named Beauty found to give to RimWorld.StatModifier (null stat)
Could not resolve cross-reference: No RimWorld.StatDef named Beauty found to give to RimWorld.StatModifier (null stat)
Could not resolve cross-reference: No RimWorld.StatDef named Beauty found to give to RimWorld.StatModifier (null stat)
Could not resolve cross-reference: No RimWorld.StatDef named Beauty found to give to RimWorld.StatModifier (null stat)
Could not resolve cross-reference: No RimWorld.StatDef named Beauty found to give to RimWorld.StatModifier (null stat)
Could not resolve cross-reference: No RimWorld.StatDef named Beauty found to give to RimWorld.StatModifier (null stat)
Could not resolve cross-reference: No RimWorld.StatDef named Beauty found to give to RimWorld.StatModifier (null stat)
Could not resolve cross-reference: No RimWorld.StatDef named Beauty found to give to RimWorld.StatModifier (null stat)
Could not resolve cross-reference: No RimWorld.StatDef named Beauty found to give to RimWorld.StatModifier (null stat)
Could not resolve cross-reference: No RimWorld.StatDef named Beauty found to give to RimWorld.StatModifier (null stat)
Could not resolve cross-reference: No RimWorld.StatDef named Beauty found to give to RimWorld.StatModifier (null stat)
Could not resolve cross-reference: No RimWorld.StatDef named Beauty found to give to RimWorld.StatModifier (null stat)
Could not resolve cross-reference: No RimWorld.StatDef named Beauty found to give to RimWorld.StatModifier (null stat)
Could not resolve cross-reference: No RimWorld.StatDef named Beauty found to give to RimWorld.StatModifier (null stat)
Could not resolve cross-reference: No RimWorld.StatDef named Beauty found to give to RimWorld.StatModifier (null stat)
Could not resolve cross-reference: No RimWorld.StatDef named Beauty found to give to RimWorld.StatModifier (null stat)
Could not resolve cross-reference: No RimWorld.StatDef named BeautyOutdoors found to give to RimWorld.StatModifier (null stat)
Could not resolve cross-reference: No RimWorld.StatDef named Beauty found to give to RimWorld.StatModifier (null stat)
Could not resolve cross-reference: No RimWorld.StatDef named BeautyOutdoors found to give to RimWorld.StatModifier (null stat)
Could not resolve cross-reference: No RimWorld.StatDef named Beauty found to give to RimWorld.StatModifier (null stat)
Could not resolve cross-reference: No RimWorld.StatDef named BeautyOutdoors found to give to RimWorld.StatModifier (null stat)
Could not resolve cross-reference: No RimWorld.StatDef named Beauty found to give to RimWorld.StatModifier (null stat)
Could not resolve cross-reference: No RimWorld.StatDef named BeautyOutdoors found to give to RimWorld.StatModifier (null stat)
Could not resolve cross-reference: No RimWorld.StatDef named Beauty found to give to RimWorld.StatModifier (null stat)
Could not resolve cross-reference: No RimWorld.StatDef named Beauty found to give to RimWorld.StatModifier (null stat)
Could not resolve cross-reference: No RimWorld.StatDef named Beauty found to give to RimWorld.StatModifier (null stat)
Could not resolve cross-reference: No RimWorld.StatDef named BeautyOutdoors found to give to RimWorld.StatModifier (null stat)
Could not resolve cross-reference: No RimWorld.StatDef named Beauty found to give to RimWorld.StatModifier (null stat)
Could not resolve cross-reference: No RimWorld.StatDef named Beauty found to give to RimWorld.StatModifier (null stat)
Could not resolve cross-reference: No RimWorld.StatDef named Beauty found to give to RimWorld.StatModifier (null stat)
Could not resolve cross-reference: No RimWorld.StatDef named Beauty found to give to RimWorld.StatModifier (null stat)
Could not resolve cross-reference: No Verse.HediffDef named VFE_ListeningToMusic found to give to VEF.Buildings.CompProperties_CustomCauseHediff_AoE VEF.Buildings.CompProperties_CustomCauseHediff_AoE
Could not resolve cross-reference: No RimWorld.StatDef named Beauty found to give to RimWorld.StatModifier (null stat)
Could not resolve cross-reference: No RimWorld.StatDef named Beauty found to give to RimWorld.StatModifier (null stat)
Could not resolve cross-reference: No RimWorld.StatDef named Beauty found to give to RimWorld.StatModifier (null stat)
Could not resolve cross-reference: No RimWorld.StatDef named Beauty found to give to RimWorld.StatModifier (null stat)
Could not resolve cross-reference: No RimWorld.StatDef named Beauty found to give to RimWorld.StatModifier (null stat)
Could not resolve cross-reference: No RimWorld.StatDef named Beauty found to give to RimWorld.StatModifier (null stat)
Could not resolve cross-reference: No RimWorld.StatDef named Beauty found to give to RimWorld.StatModifier (null stat)
Could not resolve cross-reference: No RimWorld.StatDef named Beauty found to give to RimWorld.StatModifier (null stat)
Could not resolve cross-reference: No RimWorld.StatDef named Beauty found to give to RimWorld.StatModifier (null stat)
Could not resolve cross-reference: No RimWorld.StatDef named Beauty found to give to RimWorld.StatModifier (null stat)
Could not resolve cross-reference: No RimWorld.StatDef named Beauty found to give to RimWorld.StatModifier (null stat)
Could not resolve cross-reference: No RimWorld.StatDef named Beauty found to give to RimWorld.StatModifier (null stat)
Could not resolve cross-reference: No RimWorld.StatDef named Beauty found to give to RimWorld.StatModifier (null stat)
Could not resolve cross-reference: No RimWorld.StatDef named Beauty found to give to RimWorld.StatModifier (null stat)
Could not resolve cross-reference: No RimWorld.StatDef named Beauty found to give to RimWorld.StatModifier (null stat)
Could not resolve cross-reference: No RimWorld.StatDef named Beauty found to give to RimWorld.StatModifier (null stat)
Could not resolve cross-reference: No RimWorld.StatDef named Beauty found to give to RimWorld.StatModifier (null stat)
Could not resolve cross-reference: No RimWorld.StatDef named Beauty found to give to RimWorld.StatModifier (null stat)
Could not resolve cross-reference: No RimWorld.StatDef named Beauty found to give to RimWorld.StatModifier (null stat)
Could not resolve cross-reference: No RimWorld.StatDef named Beauty found to give to RimWorld.StatModifier (null stat)
Could not resolve cross-reference: No RimWorld.StatDef named Beauty found to give to RimWorld.StatModifier (null stat)
Could not resolve cross-reference: No RimWorld.StatDef named Beauty found to give to RimWorld.StatModifier (null stat)
Could not resolve cross-reference: No RimWorld.StatDef named Beauty found to give to RimWorld.StatModifier (null stat)
Could not resolve cross-reference: No RimWorld.StatDef named Beauty found to give to RimWorld.StatModifier (null stat)
Could not resolve cross-reference: No RimWorld.StatDef named Beauty found to give to RimWorld.StatModifier (null stat)
Could not resolve cross-reference: No RimWorld.StatDef named Beauty found to give to RimWorld.StatModifier (null stat)
Could not resolve cross-reference: No RimWorld.StatDef named Beauty found to give to RimWorld.StatModifier (null stat)
Could not resolve cross-reference: No RimWorld.StatDef named Beauty found to give to RimWorld.StatModifier (null stat)
Could not resolve cross-reference: No RimWorld.StatDef named Beauty found to give to RimWorld.StatModifier (null stat)
Could not resolve cross-reference: No RimWorld.StatDef named Beauty found to give to RimWorld.StatModifier (null stat)
Could not resolve cross-reference: No RimWorld.StatDef named Beauty found to give to RimWorld.StatModifier (null stat)
Could not resolve cross-reference: No RimWorld.StatDef named Beauty found to give to RimWorld.StatModifier (null stat)
Could not resolve cross-reference: No RimWorld.StatDef named Beauty found to give to RimWorld.StatModifier (null stat)
Could not resolve cross-reference: No RimWorld.StatDef named BeautyOutdoors found to give to RimWorld.StatModifier (null stat)
Could not resolve cross-reference: No RimWorld.StatDef named Beauty found to give to RimWorld.StatModifier (null stat)
Could not resolve cross-reference: No RimWorld.StatDef named Beauty found to give to RimWorld.StatModifier (null stat)
Could not resolve cross-reference: No RimWorld.StatDef named Beauty found to give to RimWorld.StatModifier (null stat)
Could not resolve cross-reference: No RimWorld.StatDef named Beauty found to give to RimWorld.StatModifier (null stat)
Could not resolve cross-reference: No RimWorld.StatDef named Beauty found to give to RimWorld.StatModifier (null stat)
Could not resolve cross-reference: No RimWorld.StatDef named Beauty found to give to RimWorld.StatModifier (null stat)
Could not resolve cross-reference: No RimWorld.StatDef named Beauty found to give to RimWorld.StatModifier (null stat)
Could not resolve cross-reference: No RimWorld.StatDef named Beauty found to give to RimWorld.StatModifier (null stat)
Could not resolve cross-reference: No RimWorld.StatDef named Beauty found to give to RimWorld.StatModifier (null stat)
Could not resolve cross-reference: No RimWorld.StatDef named Beauty found to give to RimWorld.StatModifier (null stat)
Could not resolve cross-reference: No RimWorld.StatDef named Beauty found to give to RimWorld.StatModifier (null stat)
Could not resolve cross-reference: No RimWorld.StatDef named Beauty found to give to RimWorld.StatModifier (null stat)
Could not resolve cross-reference: No RimWorld.StatDef named Beauty found to give to RimWorld.StatModifier (null stat)
Could not resolve cross-reference: No RimWorld.StatDef named Beauty found to give to RimWorld.StatModifier (null stat)
Could not resolve cross-reference: No RimWorld.StatDef named Beauty found to give to RimWorld.StatModifier (null stat)
Could not resolve cross-reference: No RimWorld.StatDef named Beauty found to give to RimWorld.StatModifier (null stat)
Could not resolve cross-reference: No RimWorld.StatDef named Beauty found to give to RimWorld.StatModifier (null stat)
Could not resolve cross-reference: No RimWorld.StatDef named Beauty found to give to RimWorld.StatModifier (null stat)
Could not resolve cross-reference: No RimWorld.StatDef named Beauty found to give to RimWorld.StatModifier (null stat)
Could not resolve cross-reference: No RimWorld.StatDef named Beauty found to give to RimWorld.StatModifier (null stat)
Could not resolve cross-reference: No RimWorld.StatDef named Beauty found to give to RimWorld.StatModifier (null stat)
Could not resolve cross-reference: No RimWorld.StatDef named Beauty found to give to RimWorld.StatModifier (null stat)
Could not resolve cross-reference: No RimWorld.StatDef named Beauty found to give to RimWorld.StatModifier (null stat)
Could not resolve cross-reference: No RimWorld.StatDef named Beauty found to give to RimWorld.StatModifier (null stat)
Could not resolve cross-reference: No RimWorld.StatDef named Beauty found to give to RimWorld.StatModifier (null stat)
Could not resolve cross-reference: No RimWorld.StatDef named Beauty found to give to RimWorld.StatModifier (null stat)
Could not resolve cross-reference: No RimWorld.StatDef named Beauty found to give to RimWorld.StatModifier (null stat)
Could not resolve cross-reference: No RimWorld.StatDef named Beauty found to give to RimWorld.StatModifier (null stat)
Could not resolve cross-reference: No RimWorld.StatDef named Beauty found to give to RimWorld.StatModifier (null stat)
Could not resolve cross-reference: No RimWorld.StatDef named Beauty found to give to RimWorld.StatModifier (null stat)
Could not resolve cross-reference: No RimWorld.StatDef named Beauty found to give to RimWorld.StatModifier (null stat)
Could not resolve cross-reference: No RimWorld.StatDef named Beauty found to give to RimWorld.StatModifier (null stat)
Could not resolve cross-reference: No Verse.HediffDef named VFE_ListeningToMusic found to give to VEF.Buildings.CompProperties_CustomCauseHediff_AoE VEF.Buildings.CompProperties_CustomCauseHediff_AoE
Could not resolve cross-reference: No RimWorld.StatDef named Beauty found to give to RimWorld.StatModifier (null stat)
Could not resolve cross-reference: No RimWorld.StatDef named Beauty found to give to RimWorld.StatModifier (null stat)
Could not resolve cross-reference: No RimWorld.StatDef named Beauty found to give to RimWorld.StatModifier (null stat)
Could not resolve cross-reference: No RimWorld.StatDef named Beauty found to give to RimWorld.StatModifier (null stat)
Could not resolve cross-reference: No RimWorld.StatDef named Beauty found to give to RimWorld.StatModifier (null stat)
Could not resolve cross-reference: No RimWorld.StatDef named Beauty found to give to RimWorld.StatModifier (null stat)
Could not resolve cross-reference: No RimWorld.StatDef named Beauty found to give to RimWorld.StatModifier (null stat)
Could not resolve cross-reference: No RimWorld.StatDef named Beauty found to give to RimWorld.StatModifier (null stat)
Could not resolve cross-reference: No RimWorld.StatDef named Beauty found to give to RimWorld.StatModifier (null stat)
Could not resolve cross-reference: No RimWorld.StatDef named Beauty found to give to RimWorld.StatModifier (null stat)
Could not resolve cross-reference: No RimWorld.StatDef named Beauty found to give to RimWorld.StatModifier (null stat)
Could not resolve cross-reference: No RimWorld.StatDef named Beauty found to give to RimWorld.StatModifier (null stat)
Could not resolve cross-reference: No RimWorld.StatDef named Beauty found to give to RimWorld.StatModifier (null stat)
Could not resolve cross-reference: No RimWorld.StatDef named Beauty found to give to RimWorld.StatModifier (null stat)
Could not resolve cross-reference: No RimWorld.StatDef named Beauty found to give to RimWorld.StatModifier (null stat)
Could not resolve cross-reference: No RimWorld.StatDef named Beauty found to give to RimWorld.StatModifier (null stat)
Could not resolve cross-reference: No RimWorld.StatDef named Beauty found to give to RimWorld.StatModifier (null stat)
Could not resolve cross-reference: No RimWorld.StatDef named Beauty found to give to RimWorld.StatModifier (null stat)
Could not resolve cross-reference: No RimWorld.StatDef named Beauty found to give to RimWorld.StatModifier (null stat)
Could not resolve cross-reference: No RimWorld.StatDef named Beauty found to give to RimWorld.StatModifier (null stat)
Could not resolve cross-reference: No RimWorld.StatDef named Beauty found to give to RimWorld.StatModifier (null stat)
Could not resolve cross-reference: No RimWorld.StatDef named Beauty found to give to RimWorld.StatModifier (null stat)
Could not resolve cross-reference: No RimWorld.StatDef named Beauty found to give to RimWorld.StatModifier (null stat)
Could not resolve cross-reference: No RimWorld.StatDef named Beauty found to give to RimWorld.StatModifier (null stat)
Could not resolve cross-reference: No RimWorld.StatDef named Beauty found to give to RimWorld.StatModifier (null stat)
Could not resolve cross-reference: No RimWorld.StatDef named Beauty found to give to RimWorld.StatModifier (null stat)
Could not resolve cross-reference: No RimWorld.StatDef named Beauty found to give to RimWorld.StatModifier (null stat)
Could not resolve cross-reference: No RimWorld.StatDef named Beauty found to give to RimWorld.StatModifier (null stat)
Could not resolve cross-reference: No RimWorld.StatDef named Beauty found to give to RimWorld.StatModifier (null stat)
Could not resolve cross-reference: No RimWorld.StatDef named Beauty found to give to RimWorld.StatModifier (null stat)
Could not resolve cross-reference: No RimWorld.StatDef named Beauty found to give to RimWorld.StatModifier (null stat)
Could not resolve cross-reference: No RimWorld.StatDef named Beauty found to give to RimWorld.StatModifier (null stat)
Could not resolve cross-reference: No RimWorld.StatDef named Beauty found to give to RimWorld.StatModifier (null stat)
Could not resolve cross-reference: No RimWorld.StatDef named Beauty found to give to RimWorld.StatModifier (null stat)
Could not resolve cross-reference: No RimWorld.StatDef named Beauty found to give to RimWorld.StatModifier (null stat)
Could not resolve cross-reference: No RimWorld.StatDef named Beauty found to give to RimWorld.StatModifier (null stat)
Could not resolve cross-reference: No RimWorld.StatDef named Beauty found to give to RimWorld.StatModifier (null stat)
Could not resolve cross-reference: No RimWorld.StatDef named Beauty found to give to RimWorld.StatModifier (null stat)
Could not resolve cross-reference: No RimWorld.StatDef named Beauty found to give to RimWorld.StatModifier (null stat)
Could not resolve cross-reference: No RimWorld.StatDef named Beauty found to give to RimWorld.StatModifier (null stat)
Could not resolve cross-reference: No RimWorld.StatDef named Beauty found to give to RimWorld.StatModifier (null stat)
Could not resolve cross-reference: No RimWorld.StatDef named Beauty found to give to RimWorld.StatModifier (null stat)
Could not resolve cross-reference: No RimWorld.StatDef named Beauty found to give to RimWorld.StatModifier (null stat)
Could not resolve cross-reference: No RimWorld.StatDef named Beauty found to give to RimWorld.StatModifier (null stat)
Could not resolve cross-reference: No RimWorld.StatDef named Beauty found to give to RimWorld.StatModifier (null stat)
Could not resolve cross-reference: No RimWorld.StatDef named Beauty found to give to RimWorld.StatModifier (null stat)
Could not resolve cross-reference: No RimWorld.StatDef named Beauty found to give to RimWorld.StatModifier (null stat)
Could not resolve cross-reference: No RimWorld.StatDef named Beauty found to give to RimWorld.StatModifier (null stat)
Could not resolve cross-reference: No RimWorld.StatDef named BeautyOutdoors found to give to RimWorld.StatModifier (null stat)
Could not resolve cross-reference: No RimWorld.StatDef named Beauty found to give to RimWorld.StatModifier (null stat)
Could not resolve cross-reference: No RimWorld.StatDef named BeautyOutdoors found to give to RimWorld.StatModifier (null stat)
Could not resolve cross-reference: No RimWorld.StatDef named Beauty found to give to RimWorld.StatModifier (null stat)
Could not resolve cross-reference: No RimWorld.StatDef named BeautyOutdoors found to give to RimWorld.StatModifier (null stat)
Could not resolve cross-reference: No RimWorld.StatDef named Beauty found to give to RimWorld.StatModifier (null stat)
Could not resolve cross-reference: No RimWorld.StatDef named BeautyOutdoors found to give to RimWorld.StatModifier (null stat)
Could not resolve cross-reference: No RimWorld.StatDef named Beauty found to give to RimWorld.StatModifier (null stat)
Could not resolve cross-reference: No RimWorld.StatDef named BeautyOutdoors found to give to RimWorld.StatModifier (null stat)
Could not resolve cross-reference: No RimWorld.StatDef named Beauty found to give to RimWorld.StatModifier (null stat)
Could not resolve cross-reference: No RimWorld.StatDef named BeautyOutdoors found to give to RimWorld.StatModifier (null stat)
Could not resolve cross-reference: No RimWorld.StatDef named Beauty found to give to RimWorld.StatModifier (null stat)
Could not resolve cross-reference: No RimWorld.StatDef named BeautyOutdoors found to give to RimWorld.StatModifier (null stat)
Could not resolve cross-reference: No RimWorld.StatDef named Beauty found to give to RimWorld.StatModifier (null stat)
Could not resolve cross-reference: No RimWorld.StatDef named BeautyOutdoors found to give to RimWorld.StatModifier (null stat)
Could not resolve cross-reference: No RimWorld.StatDef named Beauty found to give to RimWorld.StatModifier (null stat)
Could not resolve cross-reference: No RimWorld.StatDef named BeautyOutdoors found to give to RimWorld.StatModifier (null stat)
Could not resolve cross-reference: No RimWorld.StatDef named Beauty found to give to RimWorld.StatModifier (null stat)
Could not resolve cross-reference: No RimWorld.StatDef named BeautyOutdoors found to give to RimWorld.StatModifier (null stat)
Could not resolve cross-reference: No RimWorld.StatDef named Beauty found to give to RimWorld.StatModifier (null stat)
Could not resolve cross-reference: No RimWorld.StatDef named Beauty found to give to RimWorld.StatModifier (null stat)
Could not resolve cross-reference: No RimWorld.StatDef named Beauty found to give to RimWorld.StatModifier (null stat)
Could not resolve cross-reference: No RimWorld.StatDef named Beauty found to give to RimWorld.StatModifier (null stat)
Could not resolve cross-reference: No RimWorld.StatDef named Beauty found to give to RimWorld.StatModifier (null stat)
Could not resolve cross-reference: No RimWorld.StatDef named BeautyOutdoors found to give to RimWorld.StatModifier (null stat)
Could not resolve cross-reference: No RimWorld.StatDef named Beauty found to give to RimWorld.StatModifier (null stat)
Could not resolve cross-reference: No RimWorld.StatDef named Beauty found to give to RimWorld.StatModifier (null stat)
Could not resolve cross-reference: No RimWorld.StatDef named Beauty found to give to RimWorld.StatModifier (null stat)
Could not resolve cross-reference: No RimWorld.StatDef named Beauty found to give to RimWorld.StatModifier (null stat)
Could not resolve cross-reference: No RimWorld.StatDef named Beauty found to give to RimWorld.StatModifier (null stat)
Could not resolve cross-reference: No RimWorld.StatDef named Beauty found to give to RimWorld.StatModifier (null stat)
Could not resolve cross-reference: No RimWorld.StatDef named Beauty found to give to RimWorld.StatModifier (null stat)
Could not resolve cross-reference: No RimWorld.StatDef named Beauty found to give to RimWorld.StatModifier (null stat)
Could not resolve cross-reference: No RimWorld.StatDef named Beauty found to give to RimWorld.StatModifier (null stat)
Could not resolve cross-reference: No RimWorld.StatDef named Beauty found to give to RimWorld.StatModifier (null stat)
Could not resolve cross-reference: No RimWorld.StatDef named Beauty found to give to RimWorld.StatModifier (null stat)
Could not resolve cross-reference: No RimWorld.StatDef named Beauty found to give to RimWorld.StatModifier (null stat)
Could not resolve cross-reference: No RimWorld.StatDef named Beauty found to give to RimWorld.StatModifier (null stat)
Could not resolve cross-reference: No RimWorld.StatDef named Beauty found to give to RimWorld.StatModifier (null stat)
Could not resolve cross-reference: No RimWorld.StatDef named Beauty found to give to RimWorld.StatModifier (null stat)
Could not resolve cross-reference: No RimWorld.StatDef named Beauty found to give to RimWorld.StatModifier (null stat)
Could not resolve cross-reference: No RimWorld.StatDef named Beauty found to give to RimWorld.StatModifier (null stat)
Could not resolve cross-reference: No RimWorld.StatDef named Beauty found to give to RimWorld.StatModifier (null stat)
Could not resolve cross-reference: No RimWorld.StatDef named Beauty found to give to RimWorld.StatModifier (null stat)
Could not resolve cross-reference: No RimWorld.StatDef named Beauty found to give to RimWorld.StatModifier (null stat)
Could not resolve cross-reference: No RimWorld.StatDef named Beauty found to give to RimWorld.StatModifier (null stat)
Could not resolve cross-reference: No RimWorld.StatDef named Beauty found to give to RimWorld.StatModifier (null stat)
Could not resolve cross-reference: No RimWorld.StatDef named Beauty found to give to RimWorld.StatModifier (null stat)
Could not resolve cross-reference: No RimWorld.StatDef named Beauty found to give to RimWorld.StatModifier (null stat)
Could not resolve cross-reference: No RimWorld.StatDef named Beauty found to give to RimWorld.StatModifier (null stat)
Could not resolve cross-reference: No RimWorld.StatDef named Beauty found to give to RimWorld.StatModifier (null stat)
Could not resolve cross-reference: No RimWorld.StatDef named Beauty found to give to RimWorld.StatModifier (null stat)
Could not resolve cross-reference: No RimWorld.StatDef named Beauty found to give to RimWorld.StatModifier (null stat)
Could not resolve cross-reference: No RimWorld.StatDef named Beauty found to give to RimWorld.StatModifier (null stat)
Could not resolve cross-reference: No RimWorld.StatDef named Beauty found to give to RimWorld.StatModifier (null stat)
Could not resolve cross-reference: No RimWorld.StatDef named Beauty found to give to RimWorld.StatModifier (null stat)
Could not resolve cross-reference: No RimWorld.StatDef named Beauty found to give to RimWorld.StatModifier (null stat)
Could not resolve cross-reference: No RimWorld.StatDef named Beauty found to give to RimWorld.StatModifier (null stat)
Could not resolve cross-reference: No RimWorld.StatDef named Beauty found to give to RimWorld.StatModifier (null stat)
Could not resolve cross-reference: No RimWorld.StatDef named Beauty found to give to RimWorld.StatModifier (null stat)
Could not resolve cross-reference: No RimWorld.StatDef named Beauty found to give to RimWorld.StatModifier (null stat)
Could not resolve cross-reference: No RimWorld.StatDef named Beauty found to give to RimWorld.StatModifier (null stat)
Could not resolve cross-reference: No RimWorld.StatDef named Beauty found to give to RimWorld.StatModifier (null stat)
Could not resolve cross-reference: No RimWorld.StatDef named Beauty found to give to RimWorld.StatModifier (null stat)
Could not resolve cross-reference: No RimWorld.StatDef named Beauty found to give to RimWorld.StatModifier (null stat)
Could not resolve cross-reference: No RimWorld.StatDef named Beauty found to give to RimWorld.StatModifier (null stat)
Could not resolve cross-reference: No RimWorld.StatDef named Beauty found to give to RimWorld.StatModifier (null stat)
Failed to find RimWorld.StatDef named Beauty. There are 275 defs of this type loaded.
Failed to find RimWorld.StatDef named BeautyOutdoors. There are 275 defs of this type loaded.
Config error in Filth_Dirt: defines the stat base  more than once.
Config error in Filth_Dirt: defines the stat base  more than once.
Config error in Filth_Dirt: defines the stat base  more than once.
Config error in Filth_Dirt: defines the stat base  more than once.
Config error in Filth_Sand: defines the stat base  more than once.
Config error in Filth_Sand: defines the stat base  more than once.
Config error in Filth_Sand: defines the stat base  more than once.
Config error in Filth_Sand: defines the stat base  more than once.
Config error in Filth_RubbleRock: defines the stat base  more than once.
Config error in Filth_RubbleRock: defines the stat base  more than once.
Config error in Filth_RubbleRock: defines the stat base  more than once.
Config error in Filth_RubbleRock: defines the stat base  more than once.
Config error in ChunkSandstone: defines the stat base  more than once.
Config error in ChunkSandstone: defines the stat base  more than once.
Config error in ChunkSandstone: defines the stat base  more than once.
Config error in ChunkSandstone: defines the stat base  more than once.
Config error in ChunkGranite: defines the stat base  more than once.
Config error in ChunkGranite: defines the stat base  more than once.
Config error in ChunkGranite: defines the stat base  more than once.
Config error in ChunkGranite: defines the stat base  more than once.
Config error in ChunkLimestone: defines the stat base  more than once.
Config error in ChunkLimestone: defines the stat base  more than once.
Config error in ChunkLimestone: defines the stat base  more than once.
Config error in ChunkLimestone: defines the stat base  more than once.
Config error in ChunkSlate: defines the stat base  more than once.
Config error in ChunkSlate: defines the stat base  more than once.
Config error in ChunkSlate: defines the stat base  more than once.
Config error in ChunkSlate: defines the stat base  more than once.
Config error in ChunkMarble: defines the stat base  more than once.
Config error in ChunkMarble: defines the stat base  more than once.
Config error in ChunkMarble: defines the stat base  more than once.
Config error in ChunkMarble: defines the stat base  more than once.
Config error in Glowstool: defines the stat base  more than once.
Config error in Glowstool: defines the stat base  more than once.
Config error in Glowstool: defines the stat base  more than once.
Config error in Glowstool: defines the stat base  more than once.
Config error in Agarilux: defines the stat base  more than once.
Config error in Agarilux: defines the stat base  more than once.
Config error in Agarilux: defines the stat base  more than once.
Config error in Agarilux: defines the stat base  more than once.
Config error in Bryolux: defines the stat base  more than once.
Config error in Bryolux: defines the stat base  more than once.
Config error in Bryolux: defines the stat base  more than once.
Config error in Bryolux: defines the stat base  more than once.
Config error in Plant_Rose: defines the stat base  more than once.
Config error in Plant_Rose: defines the stat base  more than once.
Config error in Plant_Rose: defines the stat base  more than once.
Config error in Plant_Rose: defines the stat base  more than once.
Config error in Plant_Daylily: defines the stat base  more than once.
Config error in Plant_Daylily: defines the stat base  more than once.
Config error in Plant_Daylily: defines the stat base  more than once.
Config error in Plant_Daylily: defines the stat base  more than once.
Config error in Plant_TreeCocoa: defines the stat base  more than once.
Config error in Plant_TreeCocoa: defines the stat base  more than once.
Config error in Plant_TreeCocoa: defines the stat base  more than once.
Config error in Plant_TreeCocoa: defines the stat base  more than once.
Config error in Plant_Tinctoria: defines the stat base  more than once.
Config error in Plant_Tinctoria: defines the stat base  more than once.
Config error in Plant_Tinctoria: defines the stat base  more than once.
Config error in Plant_Tinctoria: defines the stat base  more than once.
Config error in Plant_TreeDrago: defines the stat base  more than once.
Config error in Plant_TreeDrago: defines the stat base  more than once.
Config error in Plant_TreeDrago: defines the stat base  more than once.
Config error in Plant_TreeDrago: defines the stat base  more than once.
Config error in Plant_TreeWillow: defines the stat base  more than once.
Config error in Plant_TreeWillow: defines the stat base  more than once.
Config error in Plant_TreeWillow: defines the stat base  more than once.
Config error in Plant_TreeWillow: defines the stat base  more than once.
Config error in Plant_TreeCypress: defines the stat base  more than once.
Config error in Plant_TreeCypress: defines the stat base  more than once.
Config error in Plant_TreeCypress: defines the stat base  more than once.
Config error in Plant_TreeCypress: defines the stat base  more than once.
Config error in Plant_TreeMaple: defines the stat base  more than once.
Config error in Plant_TreeMaple: defines the stat base  more than once.
Config error in Plant_TreeMaple: defines the stat base  more than once.
Config error in Plant_Dandelion: defines the stat base  more than once.
Config error in Plant_Dandelion: defines the stat base  more than once.
Config error in Plant_TreeMaple: defines the stat base  more than once.
Config error in Plant_Astragalus: defines the stat base  more than once.
Config error in Plant_Astragalus: defines the stat base  more than once.
Config error in Plant_Dandelion: defines the stat base  more than once.
Config error in Plant_Dandelion: defines the stat base  more than once.
Config error in Plant_TreeOak: defines the stat base  more than once.
Config error in Plant_TreeOak: defines the stat base  more than once.
Config error in Plant_Astragalus: defines the stat base  more than once.
Config error in Plant_TreePoplar: defines the stat base  more than once.
Config error in Plant_TreePoplar: defines the stat base  more than once.
Config error in Plant_Astragalus: defines the stat base  more than once.
Config error in Plant_TreePine: defines the stat base  more than once.
Config error in Plant_TreeOak: defines the stat base  more than once.
Config error in Plant_TreeOak: defines the stat base  more than once.
Config error in Plant_TreePine: defines the stat base  more than once.
Config error in Plant_TreePoplar: defines the stat base  more than once.
Config error in Plant_TreePoplar: defines the stat base  more than once.
Config error in Plant_TreeBirch: defines the stat base  more than once.
Config error in Plant_TreeBirch: defines the stat base  more than once.
Config error in Plant_TreePine: defines the stat base  more than once.
Config error in Plant_TreePine: defines the stat base  more than once.
Config error in Plant_Clivia: defines the stat base  more than once.
Config error in Plant_Clivia: defines the stat base  more than once.
Config error in Plant_TreeBirch: defines the stat base  more than once.
Config error in Plant_TreeBirch: defines the stat base  more than once.
Config error in Plant_Rafflesia: defines the stat base  more than once.
Config error in Plant_Clivia: defines the stat base  more than once.
Config error in Plant_Clivia: defines the stat base  more than once.
Config error in Plant_Rafflesia: defines the stat base  more than once.
Config error in Plant_Rafflesia: defines the stat base  more than once.
Config error in Plant_Rafflesia: defines the stat base  more than once.
Config error in Plant_TreeTeak: defines the stat base  more than once.
Config error in Plant_TreeTeak: defines the stat base  more than once.
Config error in Plant_TreeTeak: defines the stat base  more than once.
Config error in Plant_TreeTeak: defines the stat base  more than once.
Config error in Plant_TreeCecropia: defines the stat base  more than once.
Config error in Plant_TreeCecropia: defines the stat base  more than once.
Config error in Plant_TreeCecropia: defines the stat base  more than once.
Config error in Plant_TreeCecropia: defines the stat base  more than once.
Config error in Plant_TreePalm: defines the stat base  more than once.
Config error in Plant_TreePalm: defines the stat base  more than once.
Config error in Plant_TreePalm: defines the stat base  more than once.
Config error in Plant_TreePalm: defines the stat base  more than once.
Config error in Plant_TreeAnima: defines the stat base  more than once.
Config error in Plant_TreeAnima: defines the stat base  more than once.
Config error in Plant_TreeAnima: defines the stat base  more than once.
Config error in Plant_TreeAnima: defines the stat base  more than once.
Config error in Plant_TreeBonsai: defines the stat base  more than once.
Config error in Plant_TreeBonsai: defines the stat base  more than once.
Config error in Plant_TreeBonsai: defines the stat base  more than once.
Config error in Plant_TreeBonsai: defines the stat base  more than once.
Config error in Plant_TreeGauranlen: defines the stat base  more than once.
Config error in Plant_TreeGauranlen: defines the stat base  more than once.
Config error in Plant_TreeGauranlen: defines the stat base  more than once.
Config error in Plant_TreeGauranlen: defines the stat base  more than once.
Config error in Plant_MossGauranlen: defines the stat base  more than once.
Config error in Plant_MossGauranlen: defines the stat base  more than once.
Config error in Plant_MossGauranlen: defines the stat base  more than once.
Config error in Plant_MossGauranlen: defines the stat base  more than once.
Config error in Plant_TreePolux: defines the stat base  more than once.
Config error in Plant_TreePolux: defines the stat base  more than once.
Config error in Plant_TreePolux: defines the stat base  more than once.
Config error in Plant_TreePolux: defines the stat base  more than once.
Config error in Plant_PebbleCactus: defines the stat base  more than once.
Config error in Plant_PebbleCactus: defines the stat base  more than once.
Config error in Plant_PebbleCactus: defines the stat base  more than once.
Config error in Plant_PebbleCactus: defines the stat base  more than once.
Config error in Plant_TreeGrayPine: defines the stat base  more than once.
Config error in Plant_TreeGrayPine: defines the stat base  more than once.
Config error in Plant_TreeGrayPine: defines the stat base  more than once.
Config error in Plant_TreeGrayPine: defines the stat base  more than once.
Config error in Plant_Witchwood: defines the stat base  more than once.
Config error in Plant_Witchwood: defines the stat base  more than once.
Config error in Plant_Witchwood: defines the stat base  more than once.
Config error in Plant_Witchwood: defines the stat base  more than once.
Config error in Plant_RatPalm: defines the stat base  more than once.
Config error in Plant_RatPalm: defines the stat base  more than once.
Config error in Plant_RatPalm: defines the stat base  more than once.
Config error in Plant_RatPalm: defines the stat base  more than once.
Config error in Plant_TreeHarbinger: defines the stat base  more than once.
Config error in Plant_TreeHarbinger: defines the stat base  more than once.
Config error in Plant_TreeHarbinger: defines the stat base  more than once.
Config error in Plant_TreeHarbinger: defines the stat base  more than once.
Config error in Filth_ChippedIce: defines the stat base  more than once.
Config error in Filth_ChippedIce: defines the stat base  more than once.
Config error in Filth_ChippedIce: defines the stat base  more than once.
Config error in Filth_ChippedIce: defines the stat base  more than once.
Config error in ChunkVacstone: defines the stat base  more than once.
Config error in ChunkVacstone: defines the stat base  more than once.
Config error in ChunkVacstone: defines the stat base  more than once.
Config error in ChunkVacstone: defines the stat base  more than once.
Config error in Plant_TreeArchean: defines the stat base  more than once.
Config error in Plant_TreeArchean: defines the stat base  more than once.
Config error in Plant_TreeArchean: defines the stat base  more than once.
Config error in Plant_TreeArchean: defines the stat base  more than once.
Config error in Plant_Lotus: defines the stat base  more than once.
Config error in Plant_Lotus: defines the stat base  more than once.
Config error in Plant_Lotus: defines the stat base  more than once.
Config error in Plant_Lotus: defines the stat base  more than once.
Config error in Plant_Thornvine: defines the stat base  more than once.
Config error in Plant_Thornvine: defines the stat base  more than once.
Config error in Plant_Thornvine: defines the stat base  more than once.
Config error in Plant_Thornvine: defines the stat base  more than once.
Config error in Plant_TreeSnagroot: defines the stat base  more than once.
Config error in Plant_TreeSnagroot: defines the stat base  more than once.
Config error in Plant_TreeSnagroot: defines the stat base  more than once.
Config error in Plant_TreeSnagroot: defines the stat base  more than once.
Config error in Boomshroom: defines the stat base  more than once.
Config error in Boomshroom: defines the stat base  more than once.
Config error in Boomshroom: defines the stat base  more than once.
Config error in Boomshroom: defines the stat base  more than once.
Config error in Plant_Psilocap: defines the stat base  more than once.
Config error in Plant_Psilocap: defines the stat base  more than once.
Config error in Plant_Psilocap: defines the stat base  more than once.
Config error in Plant_Psilocap: defines the stat base  more than once.
Config error in Plant_NightRafflesia: defines the stat base  more than once.
Config error in Plant_NightRafflesia: defines the stat base  more than once.
Config error in Plant_NightRafflesia: defines the stat base  more than once.
Config error in Plant_NightRafflesia: defines the stat base  more than once.
Config error in Plant_Fireweed: defines the stat base  more than once.
Config error in Plant_Fireweed: defines the stat base  more than once.
Config error in Plant_Fireweed: defines the stat base  more than once.
Config error in Plant_Fireweed: defines the stat base  more than once.
Config error in Plant_Tinctoria_Wild: defines the stat base  more than once.
Config error in Plant_Tinctoria_Wild: defines the stat base  more than once.
Config error in Plant_Tinctoria_Wild: defines the stat base  more than once.
Config error in Plant_Tinctoria_Wild: defines the stat base  more than once.
Config error in Plant_TreeCocoa_Wild: defines the stat base  more than once.
Config error in Plant_TreeCocoa_Wild: defines the stat base  more than once.
Config error in Plant_TreeCocoa_Wild: defines the stat base  more than once.
Config error in Plant_TreeCocoa_Wild: defines the stat base  more than once.
Config error in Radio_Industrial: Radio_Industrial has CompProperties with null compClass.
Config error in Radio_Industrial: Radio_Industrial has CompProperties with null compClass.
Config error in Radio_Spacer: Radio_Spacer has CompProperties with null compClass.
Config error in Radio_Spacer: Radio_Spacer has CompProperties with null compClass.
Config error in GL_TreeA: defines the stat base  more than once.
Config error in GL_TreeA: defines the stat base  more than once.
Config error in GL_TreeA: defines the stat base  more than once.
Config error in GL_TreeA: defines the stat base  more than once.
Config error in GL_TreeB: defines the stat base  more than once.
Config error in GL_TreeB: defines the stat base  more than once.
Config error in GL_TreeB: defines the stat base  more than once.
Config error in GL_TreeB: defines the stat base  more than once.
Translation data for language English has 145 errors. Generate translation report for more info.
Type SlotsTextures probably needs a StaticConstructorOnStartup attribute, because it has a field seven of type Texture2D. All assets must be loaded in the main thread.
Type RouletteTextures probably needs a StaticConstructorOnStartup attribute, because it has a field wheel of type Texture2D. All assets must be loaded in the main thread.
Type DartsTextures probably needs a StaticConstructorOnStartup attribute, because it has a field board of type Texture2D. All assets must be loaded in the main thread.
Unloading 5 Unused Serialized files (Serialized files now loaded: 5)
MVCF successfully applied 0 patches
Unloading 97 unused Assets to reduce memory usage. Loaded Objects now: 28875.
Total: 189.137400 ms (FindLiveObjects: 1.199700 ms CreateObjectMapping: 1.089600 ms MarkObjects: 186.518600 ms  DeleteObjects: 0.329200 ms)

CharacterEditor v1.6.3 initializing...
updating labels for english...
loading pawn slot content from file...
character editor instance created
checking editor settings...
bodysizes genes are active
CharacterEditor v1.6.3 ...done
CE is trying to create default parameter lists ...
creating default parameter list for genes...
250 default entities for genes created
creating default parameter list for objects...
1772 default entities for objects created
creating default parameter list for turrets...
12 default entities for turrets created
...lists created
CE is trying to apply modified parameters...
no modifications for genes
no modifications for objects
no modifications for lifestages
...done
Fallback handler could not load library C:/Program Files (x86)/Steam/steamapps/common/RimWorld/RimWorldWin64_Data/MonoBleedingEdge/data-0000027111D4B2F0.dll
Unloading 3 Unused Serialized files (Serialized files now loaded: 5)
[PhysX] Initialized MultithreadedTaskDispatcher with 12 workers.
UnloadTime: 1.157200 ms
Unloading 2 unused Assets to reduce memory usage. Loaded Objects now: 29076.
Total: 175.197800 ms (FindLiveObjects: 1.808400 ms CreateObjectMapping: 0.901400 ms MarkObjects: 172.393700 ms  DeleteObjects: 0.093900 ms)

Loading game from file PR_QA_R2_20260910 with mods:
  - brrainz.harmony
  - Ludeon.RimWorld
  - Ludeon.RimWorld.Royalty
  - Ludeon.RimWorld.Ideology
  - Ludeon.RimWorld.Biotech
  - Ludeon.RimWorld.Anomaly
  - Ludeon.RimWorld.Odyssey
  - Adamas.HospitalityCasino
  - VanillaExpanded.VFECore
  - OskarPotocki.VanillaFactionsExpanded.Core
  - teamrostra.playablerecreation
  - teamrostra.playableinstrument
  - void.charactereditor
  - Solaris.FurnitureBase
Could not find think node with key -548306786
Could not find think node with key -548306786
Could not find think node with key -548306786
Could not find think node with key -548306786
Could not find think node with key -548306786
Could not find think node with key -548306786
Could not find think node with key -548306786
Could not find think node with key -548306786
Could not find think node with key -548306786
Could not find think node with key -548306786
Could not find think node with key -548306786
Could not find think node with key -548306786
Could not find think node with key -548306786
Could not find think node with key -548306786
Could not find think node with key -548306786
Could not find think node with key -548306786
Could not find think node with key -548306786
Could not find think node with key -548306786
Could not find think node with key -548306786
Could not find think node with key -548306786
Could not find think node with key -548306786
Could not find think node with key -548306786
Could not find think node with key -548306786
Could not find think node with key -548306786
Could not find think node with key -548306786
Could not find think node with key -548306786
Could not find think node with key -548306786
Could not find think node with key -548306786
Could not find think node with key -548306786
Could not find think node with key -548306786
Could not find think node with key -548306786
Could not find think node with key -548306786
Could not find think node with key -548306786
Could not find think node with key -548306786
Could not find think node with key -548306786
Could not find think node with key -548306786
Could not find think node with key -548306786
Could not find think node with key -548306786
Could not find think node with key -548306786
Could not find think node with key -548306786
Could not find think node with key -548306786
Could not find think node with key -548306786
Could not find think node with key -640800364
Could not find think node with key -548306786
Could not find think node with key -548306786
Could not find think node with key -548306786
Could not find think node with key -548306786
Could not find think node with key -1515049045
Could not find think node with key -1278852111
Could not find think node with key -548306786
Could not find think node with key -548306786
Could not find think node with key -640800364
Could not find think node with key -640800364
Could not find think node with key -2070095534
Could not find think node with key -177902247
Could not find think node with key -177902247
Could not find think node with key -177902247
Could not find think node with key -177902247
checking editor settings...
bodysizes genes are active
Unloading 1 Unused Serialized files (Serialized files now loaded: 5)
Unloading 1 unused Assets to reduce memory usage. Loaded Objects now: 35555.
Total: 290.242200 ms (FindLiveObjects: 1.487800 ms CreateObjectMapping: 1.912300 ms MarkObjects: 286.716100 ms  DeleteObjects: 0.125700 ms)

Fallback handler could not load library C:/Program Files (x86)/Steam/steamapps/common/RimWorld/RimWorldWin64_Data/MonoBleedingEdge/data-0000027140311830.dll
Fallback handler could not load library C:/Program Files (x86)/Steam/steamapps/common/RimWorld/RimWorldWin64_Data/MonoBleedingEdge/data-000002714059F100.dll
Exception in RimWorld.ThinkNode_ConditionalColonist TryIssueJobPackage: System.ArgumentNullException: Value cannot be null.
Parameter name: type
[Ref BE672279]
  at System.Activator.CreateInstance (System.Type type, System.Boolean nonPublic, System.Boolean wrapExceptions) [0x00003] in <51fded79cd284d4d911c5949aff4cb21>:0 
  at System.Activator.CreateInstance (System.Type type, System.Boolean nonPublic) [0x00000] in <51fded79cd284d4d911c5949aff4cb21>:0 
  at System.Activator.CreateInstance (System.Type type) [0x00000] in <51fded79cd284d4d911c5949aff4cb21>:0 
  at RimWorld.WorkGiverDef.get_Worker () [0x00008] in <61e4173561894da49d210260257b5097>:0 
  at RimWorld.Pawn_WorkSettings.CacheWorkGiversInOrder () [0x000c3] in <61e4173561894da49d210260257b5097>:0 
  at RimWorld.Pawn_WorkSettings.get_WorkGiversInOrderEmergency () [0x00008] in <61e4173561894da49d210260257b5097>:0 
  at RimWorld.JobGiver_Work.TryIssueJobPackage (Verse.Pawn pawn, Verse.AI.JobIssueParams jobParams) [0x00172] in <61e4173561894da49d210260257b5097>:0 
  at Verse.AI.ThinkNode_Priority.TryIssueJobPackage (Verse.Pawn pawn, Verse.AI.JobIssueParams jobParams) [0x00022] in <61e4173561894da49d210260257b5097>:0 
Exception in RimWorld.ThinkNode_Priority_GetJoy TryIssueJobPackage: System.ArgumentNullException: Value cannot be null.
Parameter name: type
[Ref 66E3E638]
  at System.Activator.CreateInstance (System.Type type, System.Boolean nonPublic, System.Boolean wrapExceptions) [0x00003] in <51fded79cd284d4d911c5949aff4cb21>:0 
  at System.Activator.CreateInstance (System.Type type, System.Boolean nonPublic) [0x00000] in <51fded79cd284d4d911c5949aff4cb21>:0 
  at System.Activator.CreateInstance (System.Type type) [0x00000] in <51fded79cd284d4d911c5949aff4cb21>:0 
  at RimWorld.JoyGiverDef.get_Worker () [0x00008] in <61e4173561894da49d210260257b5097>:0 
  at RimWorld.JobGiver_GetJoy.TryGiveJob (Verse.Pawn pawn) [0x0009a] in <61e4173561894da49d210260257b5097>:0 
  at Verse.AI.ThinkNode_JobGiver.TryIssueJobPackage (Verse.Pawn pawn, Verse.AI.JobIssueParams jobParams) [0x00000] in <61e4173561894da49d210260257b5097>:0 
  at Verse.AI.ThinkNode_Priority.TryIssueJobPackage (Verse.Pawn pawn, Verse.AI.JobIssueParams jobParams) [0x00022] in <61e4173561894da49d210260257b5097>:0 
Exception in Verse.AI.ThinkNode_PrioritySorter TryIssueJobPackage: System.ArgumentNullException: Value cannot be null.
Parameter name: type
[Ref EEA61F83]
  at System.Activator.CreateInstance (System.Type type, System.Boolean nonPublic, System.Boolean wrapExceptions) [0x00003] in <51fded79cd284d4d911c5949aff4cb21>:0 
  at System.Activator.CreateInstance (System.Type type, System.Boolean nonPublic) [0x00000] in <51fded79cd284d4d911c5949aff4cb21>:0 
  at System.Activator.CreateInstance (System.Type type) [0x00000] in <51fded79cd284d4d911c5949aff4cb21>:0 
  at RimWorld.WorkGiverDef.get_Worker () [0x00008] in <61e4173561894da49d210260257b5097>:0 
  at RimWorld.Pawn_WorkSettings.CacheWorkGiversInOrder () [0x000c3] in <61e4173561894da49d210260257b5097>:0 
  at RimWorld.Pawn_WorkSettings.get_WorkGiversInOrderNormal () [0x00008] in <61e4173561894da49d210260257b5097>:0 
  at RimWorld.JobGiver_Work.TryIssueJobPackage (Verse.Pawn pawn, Verse.AI.JobIssueParams jobParams) [0x00184] in <61e4173561894da49d210260257b5097>:0 
  at Verse.AI.ThinkNode_PrioritySorter.TryIssueJobPackage (Verse.Pawn pawn, Verse.AI.JobIssueParams jobParams) [0x000f2] in <61e4173561894da49d210260257b5097>:0 
Exception in RimWorld.ThinkNode_ConditionalNeedPercentageAbove TryIssueJobPackage: System.ArgumentNullException: Value cannot be null.
Parameter name: type
[Ref 922FE21F]
  at System.Activator.CreateInstance (System.Type type, System.Boolean nonPublic, System.Boolean wrapExceptions) [0x00003] in <51fded79cd284d4d911c5949aff4cb21>:0 
  at System.Activator.CreateInstance (System.Type type, System.Boolean nonPublic) [0x00000] in <51fded79cd284d4d911c5949aff4cb21>:0 
  at System.Activator.CreateInstance (System.Type type) [0x00000] in <51fded79cd284d4d911c5949aff4cb21>:0 
  at RimWorld.JoyGiverDef.get_Worker () [0x00008] in <61e4173561894da49d210260257b5097>:0 
  at RimWorld.JobGiver_GetJoy.TryGiveJob (Verse.Pawn pawn) [0x0009a] in <61e4173561894da49d210260257b5097>:0 
  at RimWorld.JobGiver_IdleJoy.TryGiveJob (Verse.Pawn pawn) [0x00034] in <61e4173561894da49d210260257b5097>:0 
  at Verse.AI.ThinkNode_JobGiver.TryIssueJobPackage (Verse.Pawn pawn, Verse.AI.JobIssueParams jobParams) [0x00000] in <61e4173561894da49d210260257b5097>:0 
  at Verse.AI.ThinkNode_Priority.TryIssueJobPackage (Verse.Pawn pawn, Verse.AI.JobIssueParams jobParams) [0x00022] in <61e4173561894da49d210260257b5097>:0 
Exception in RimWorld.ThinkNode_ConditionalColonist TryIssueJobPackage: System.ArgumentNullException: Value cannot be null.
Parameter name: type
[Ref BE672279] Duplicate stacktrace, see ref for original
Exception in RimWorld.ThinkNode_Priority_GetJoy TryIssueJobPackage: System.ArgumentNullException: Value cannot be null.
Parameter name: type
[Ref 66E3E638] Duplicate stacktrace, see ref for original
Exception in Verse.AI.ThinkNode_PrioritySorter TryIssueJobPackage: System.ArgumentNullException: Value cannot be null.
Parameter name: type
[Ref EEA61F83] Duplicate stacktrace, see ref for original
Exception in RimWorld.ThinkNode_ConditionalNeedPercentageAbove TryIssueJobPackage: System.ArgumentNullException: Value cannot be null.
Parameter name: type
[Ref 922FE21F] Duplicate stacktrace, see ref for original
Exception in RimWorld.ThinkNode_ConditionalColonist TryIssueJobPackage: System.ArgumentNullException: Value cannot be null.
Parameter name: type
[Ref BE672279] Duplicate stacktrace, see ref for original
Exception in RimWorld.ThinkNode_Priority_GetJoy TryIssueJobPackage: System.ArgumentNullException: Value cannot be null.
Parameter name: type
[Ref 66E3E638] Duplicate stacktrace, see ref for original
Exception in Verse.AI.ThinkNode_PrioritySorter TryIssueJobPackage: System.ArgumentNullException: Value cannot be null.
Parameter name: type
[Ref EEA61F83] Duplicate stacktrace, see ref for original
Exception in RimWorld.ThinkNode_ConditionalNeedPercentageAbove TryIssueJobPackage: System.ArgumentNullException: Value cannot be null.
Parameter name: type
[Ref 922FE21F] Duplicate stacktrace, see ref for original
Fallback handler could not load library C:/Program Files (x86)/Steam/steamapps/common/RimWorld/RimWorldWin64_Data/MonoBleedingEdge/data-00000270B60FEDE0.dll
Fallback handler could not load library C:/Program Files (x86)/Steam/steamapps/common/RimWorld/RimWorldWin64_Data/MonoBleedingEdge/data-00000270B61003F0.dll
Exception in RimWorld.ThinkNode_ConditionalColonist TryIssueJobPackage: System.ArgumentNullException: Value cannot be null.
Parameter name: type
[Ref BE672279] Duplicate stacktrace, see ref for original
Exception in RimWorld.ThinkNode_Priority_GetJoy TryIssueJobPackage: System.ArgumentNullException: Value cannot be null.
Parameter name: type
[Ref 66E3E638] Duplicate stacktrace, see ref for original
Exception in Verse.AI.ThinkNode_PrioritySorter TryIssueJobPackage: System.ArgumentNullException: Value cannot be null.
Parameter name: type
[Ref EEA61F83] Duplicate stacktrace, see ref for original
Exception in RimWorld.ThinkNode_ConditionalNeedPercentageAbove TryIssueJobPackage: System.ArgumentNullException: Value cannot be null.
Parameter name: type
[Ref 922FE21F] Duplicate stacktrace, see ref for original
Exception in RimWorld.ThinkNode_ConditionalColonist TryIssueJobPackage: System.ArgumentNullException: Value cannot be null.
Parameter name: type
[Ref BE672279] Duplicate stacktrace, see ref for original
Exception in RimWorld.ThinkNode_Priority_GetJoy TryIssueJobPackage: System.ArgumentNullException: Value cannot be null.
Parameter name: type
[Ref 66E3E638] Duplicate stacktrace, see ref for original
Exception in Verse.AI.ThinkNode_PrioritySorter TryIssueJobPackage: System.ArgumentNullException: Value cannot be null.
Parameter name: type
[Ref EEA61F83] Duplicate stacktrace, see ref for original
Exception in RimWorld.ThinkNode_ConditionalNeedPercentageAbove TryIssueJobPackage: System.ArgumentNullException: Value cannot be null.
Parameter name: type
[Ref 922FE21F] Duplicate stacktrace, see ref for original
Exception in RimWorld.ThinkNode_ConditionalColonist TryIssueJobPackage: System.ArgumentNullException: Value cannot be null.
Parameter name: type
[Ref BE672279] Duplicate stacktrace, see ref for original
Exception in RimWorld.ThinkNode_Priority_GetJoy TryIssueJobPackage: System.ArgumentNullException: Value cannot be null.
Parameter name: type
[Ref 66E3E638] Duplicate stacktrace, see ref for original
Exception in Verse.AI.ThinkNode_PrioritySorter TryIssueJobPackage: System.ArgumentNullException: Value cannot be null.
Parameter name: type
[Ref EEA61F83] Duplicate stacktrace, see ref for original
Exception in RimWorld.ThinkNode_ConditionalNeedPercentageAbove TryIssueJobPackage: System.ArgumentNullException: Value cannot be null.
Parameter name: type
[Ref 922FE21F] Duplicate stacktrace, see ref for original
Exception ticking QA Ineligible (at (152, 0, 120)): System.NullReferenceException: Object reference not set to an instance of an object
[Ref 35926B03]
  at RimWorld.StatExtension.GetStatValue (Verse.Thing thing, RimWorld.StatDef stat, System.Boolean applyPostProcess, System.Int32 cacheStaleAfterTicks) [0x00000] in <61e4173561894da49d210260257b5097>:0 
  at Verse.Thing.GetBeauty (System.Boolean outside) [0x00023] in <61e4173561894da49d210260257b5097>:0 
  at RimWorld.BeautyUtility.CellBeauty (Verse.IntVec3 c, Verse.Map map, System.Collections.Generic.HashSet`1[T] countedThings) [0x000b9] in <61e4173561894da49d210260257b5097>:0 
  at RimWorld.BeautyUtility.AverageBeautyPerceptible (Verse.IntVec3 root, Verse.Map map) [0x00069] in <61e4173561894da49d210260257b5097>:0 
  at RimWorld.Need_Beauty.CurrentInstantBeauty () [0x00029] in <61e4173561894da49d210260257b5097>:0 
  at RimWorld.Need_Beauty.get_CurInstantLevel () [0x00046] in <61e4173561894da49d210260257b5097>:0 
  at RimWorld.Need_Seeker.NeedInterval () [0x00008] in <61e4173561894da49d210260257b5097>:0 
  at RimWorld.Pawn_NeedsTracker.NeedsTrackerTickInterval (System.Int32 delta) [0x00024] in <61e4173561894da49d210260257b5097>:0 
  at Verse.Pawn.TickInterval (System.Int32 delta) [0x00142] in <61e4173561894da49d210260257b5097>:0 
  at Verse.Thing.DoTick () [0x000eb] in <61e4173561894da49d210260257b5097>:0 
  at Verse.TickList.Tick () [0x00139] in <61e4173561894da49d210260257b5097>:0 
Exception ticking R2 Tester 0 (at (149, 0, 117)): System.NullReferenceException: Object reference not set to an instance of an object
[Ref CCBD92E2]
  at RimWorld.StatExtension.GetStatValueAbstract (Verse.BuildableDef def, RimWorld.StatDef stat, Verse.ThingDef stuff) [0x00000] in <61e4173561894da49d210260257b5097>:0 
  at RimWorld.BeautyUtility.CellBeauty (Verse.IntVec3 c, Verse.Map map, System.Collections.Generic.HashSet`1[T] countedThings) [0x00159] in <61e4173561894da49d210260257b5097>:0 
  at RimWorld.BeautyUtility.AverageBeautyPerceptible (Verse.IntVec3 root, Verse.Map map) [0x00069] in <61e4173561894da49d210260257b5097>:0 
  at RimWorld.Need_Beauty.CurrentInstantBeauty () [0x00029] in <61e4173561894da49d210260257b5097>:0 
  at RimWorld.Need_Beauty.get_CurInstantLevel () [0x00046] in <61e4173561894da49d210260257b5097>:0 
  at RimWorld.Need_Seeker.NeedInterval () [0x00008] in <61e4173561894da49d210260257b5097>:0 
  at RimWorld.Pawn_NeedsTracker.NeedsTrackerTickInterval (System.Int32 delta) [0x00024] in <61e4173561894da49d210260257b5097>:0 
  at Verse.Pawn.TickInterval (System.Int32 delta) [0x00142] in <61e4173561894da49d210260257b5097>:0 
  at Verse.Thing.DoTick () [0x000eb] in <61e4173561894da49d210260257b5097>:0 
  at Verse.TickList.Tick () [0x00139] in <61e4173561894da49d210260257b5097>:0 
Exception ticking Anya (at (154, 0, 120)): System.NullReferenceException: Object reference not set to an instance of an object
[Ref CCBD92E2] Duplicate stacktrace, see ref for original
Exception ticking R2 Tester 2 (at (151, 0, 118)): System.NullReferenceException: Object reference not set to an instance of an object
[Ref CCBD92E2] Duplicate stacktrace, see ref for original
Exception ticking R2 Tester 1 (at (152, 0, 119)): System.NullReferenceException: Object reference not set to an instance of an object
[Ref 35926B03] Duplicate stacktrace, see ref for original
Exception ticking Rostra (at (160, 0, 123)): System.NullReferenceException: Object reference not set to an instance of an object
[Ref 35926B03] Duplicate stacktrace, see ref for original
Exception ticking QA Ineligible (at (152, 0, 120)): System.NullReferenceException: Object reference not set to an instance of an object
[Ref 35926B03] Duplicate stacktrace, see ref for original
Exception ticking R2 Tester 0 (at (149, 0, 117)): System.NullReferenceException: Object reference not set to an instance of an object
[Ref CCBD92E2] Duplicate stacktrace, see ref for original
Exception ticking Anya (at (154, 0, 120)): System.NullReferenceException: Object reference not set to an instance of an object
[Ref CCBD92E2] Duplicate stacktrace, see ref for original
Exception ticking R2 Tester 2 (at (152, 0, 121)): System.NullReferenceException: Object reference not set to an instance of an object
[Ref 35926B03] Duplicate stacktrace, see ref for original
Fallback handler could not load library C:/Program Files (x86)/Steam/steamapps/common/RimWorld/RimWorldWin64_Data/MonoBleedingEdge/data-0000027142EBF1A0.dll
Exception in RimWorld.ThinkNode_ConditionalColonist TryIssueJobPackage: System.ArgumentNullException: Value cannot be null.
Parameter name: type
[Ref BE672279] Duplicate stacktrace, see ref for original
Exception in RimWorld.ThinkNode_Priority_GetJoy TryIssueJobPackage: System.ArgumentNullException: Value cannot be null.
Parameter name: type
[Ref 66E3E638] Duplicate stacktrace, see ref for original
Exception in Verse.AI.ThinkNode_PrioritySorter TryIssueJobPackage: System.ArgumentNullException: Value cannot be null.
Parameter name: type
[Ref EEA61F83] Duplicate stacktrace, see ref for original
Exception in RimWorld.ThinkNode_ConditionalNeedPercentageAbove TryIssueJobPackage: System.ArgumentNullException: Value cannot be null.
Parameter name: type
[Ref 922FE21F] Duplicate stacktrace, see ref for original
Exception in RimWorld.ThinkNode_ConditionalColonist TryIssueJobPackage: System.ArgumentNullException: Value cannot be null.
Parameter name: type
[Ref BE672279] Duplicate stacktrace, see ref for original
Exception in RimWorld.ThinkNode_Priority_GetJoy TryIssueJobPackage: System.ArgumentNullException: Value cannot be null.
Parameter name: type
[Ref 66E3E638] Duplicate stacktrace, see ref for original
Exception in Verse.AI.ThinkNode_PrioritySorter TryIssueJobPackage: System.ArgumentNullException: Value cannot be null.
Parameter name: type
[Ref EEA61F83] Duplicate stacktrace, see ref for original
Exception in RimWorld.ThinkNode_ConditionalNeedPercentageAbove TryIssueJobPackage: System.ArgumentNullException: Value cannot be null.
Parameter name: type
[Ref 922FE21F] Duplicate stacktrace, see ref for original
Exception ticking R2 Tester 1 (at (154, 0, 120)): System.NullReferenceException: Object reference not set to an instance of an object
[Ref CCBD92E2] Duplicate stacktrace, see ref for original
Exception ticking Rostra (at (162, 0, 124)): System.NullReferenceException: Object reference not set to an instance of an object
[Ref CCBD92E2] Duplicate stacktrace, see ref for original
Exception ticking QA Ineligible (at (152, 0, 120)): System.NullReferenceException: Object reference not set to an instance of an object
[Ref 35926B03] Duplicate stacktrace, see ref for original
Exception ticking R2 Tester 0 (at (151, 0, 119)): System.NullReferenceException: Object reference not set to an instance of an object
[Ref CCBD92E2] Duplicate stacktrace, see ref for original
Exception ticking Anya (at (154, 0, 120)): System.NullReferenceException: Object reference not set to an instance of an object
[Ref CCBD92E2] Duplicate stacktrace, see ref for original
Exception ticking R2 Tester 2 (at (151, 0, 124)): System.NullReferenceException: Object reference not set to an instance of an object
[Ref CCBD92E2] Duplicate stacktrace, see ref for original
Exception ticking R2 Tester 1 (at (150, 0, 120)): System.NullReferenceException: Object reference not set to an instance of an object
[Ref 35926B03] Duplicate stacktrace, see ref for original
Exception ticking Rostra (at (162, 0, 124)): System.NullReferenceException: Object reference not set to an instance of an object
[Ref CCBD92E2] Duplicate stacktrace, see ref for original
Exception in RimWorld.ThinkNode_ConditionalColonist TryIssueJobPackage: System.ArgumentNullException: Value cannot be null.
Parameter name: type
[Ref BE672279] Duplicate stacktrace, see ref for original
Exception in RimWorld.ThinkNode_Priority_GetJoy TryIssueJobPackage: System.ArgumentNullException: Value cannot be null.
Parameter name: type
[Ref 66E3E638] Duplicate stacktrace, see ref for original
Exception in Verse.AI.ThinkNode_PrioritySorter TryIssueJobPackage: System.ArgumentNullException: Value cannot be null.
Parameter name: type
[Ref EEA61F83] Duplicate stacktrace, see ref for original
Exception in RimWorld.ThinkNode_ConditionalNeedPercentageAbove TryIssueJobPackage: System.ArgumentNullException: Value cannot be null.
Parameter name: type
[Ref 922FE21F] Duplicate stacktrace, see ref for original
Exception in RimWorld.ThinkNode_ConditionalColonist TryIssueJobPackage: System.ArgumentNullException: Value cannot be null.
Parameter name: type
[Ref BE672279] Duplicate stacktrace, see ref for original
Exception in RimWorld.ThinkNode_Priority_GetJoy TryIssueJobPackage: System.ArgumentNullException: Value cannot be null.
Parameter name: type
[Ref 66E3E638] Duplicate stacktrace, see ref for original
Exception in Verse.AI.ThinkNode_PrioritySorter TryIssueJobPackage: System.ArgumentNullException: Value cannot be null.
Parameter name: type
[Ref EEA61F83] Duplicate stacktrace, see ref for original
Exception in RimWorld.ThinkNode_ConditionalNeedPercentageAbove TryIssueJobPackage: System.ArgumentNullException: Value cannot be null.
Parameter name: type
[Ref 922FE21F] Duplicate stacktrace, see ref for original
Exception ticking QA Ineligible (at (152, 0, 120)): System.NullReferenceException: Object reference not set to an instance of an object
[Ref 35926B03] Duplicate stacktrace, see ref for original
Exception ticking R2 Tester 0 (at (151, 0, 121)): System.NullReferenceException: Object reference not set to an instance of an object
[Ref 35926B03] Duplicate stacktrace, see ref for original
Exception ticking Anya (at (154, 0, 120)): System.NullReferenceException: Object reference not set to an instance of an object
[Ref CCBD92E2] Duplicate stacktrace, see ref for original
Fallback handler could not load library C:/Program Files (x86)/Steam/steamapps/common/RimWorld/RimWorldWin64_Data/MonoBleedingEdge/data-000002714030B200.dll
Exception in RimWorld.ThinkNode_ConditionalColonist TryIssueJobPackage: System.ArgumentNullException: Value cannot be null.
Parameter name: type
[Ref BE672279] Duplicate stacktrace, see ref for original
Exception in RimWorld.ThinkNode_Priority_GetJoy TryIssueJobPackage: System.ArgumentNullException: Value cannot be null.
Parameter name: type
[Ref 66E3E638] Duplicate stacktrace, see ref for original
Exception in Verse.AI.ThinkNode_PrioritySorter TryIssueJobPackage: System.ArgumentNullException: Value cannot be null.
Parameter name: type
[Ref EEA61F83] Duplicate stacktrace, see ref for original
Exception in RimWorld.ThinkNode_ConditionalNeedPercentageAbove TryIssueJobPackage: System.ArgumentNullException: Value cannot be null.
Parameter name: type
[Ref 922FE21F] Duplicate stacktrace, see ref for original
Exception ticking R2 Tester 2 (at (151, 0, 126)): System.NullReferenceException: Object reference not set to an instance of an object
[Ref CCBD92E2] Duplicate stacktrace, see ref for original
Exception ticking R2 Tester 1 (at (150, 0, 120)): System.NullReferenceException: Object reference not set to an instance of an object
[Ref 35926B03] Duplicate stacktrace, see ref for original
Exception ticking Rostra (at (162, 0, 124)): System.NullReferenceException: Object reference not set to an instance of an object
[Ref CCBD92E2] Duplicate stacktrace, see ref for original
Exception ticking QA Ineligible (at (152, 0, 120)): System.NullReferenceException: Object reference not set to an instance of an object
[Ref 35926B03] Duplicate stacktrace, see ref for original
Exception ticking R2 Tester 0 (at (148, 0, 119)): System.NullReferenceException: Object reference not set to an instance of an object
[Ref CCBD92E2] Duplicate stacktrace, see ref for original
Exception ticking Anya (at (154, 0, 120)): System.NullReferenceException: Object reference not set to an instance of an object
[Ref CCBD92E2] Duplicate stacktrace, see ref for original
Exception ticking R2 Tester 2 (at (151, 0, 126)): System.NullReferenceException: Object reference not set to an instance of an object
[Ref CCBD92E2] Duplicate stacktrace, see ref for original
Exception in RimWorld.ThinkNode_ConditionalColonist TryIssueJobPackage: System.ArgumentNullException: Value cannot be null.
Parameter name: type
[Ref BE672279] Duplicate stacktrace, see ref for original
Exception in RimWorld.ThinkNode_Priority_GetJoy TryIssueJobPackage: System.ArgumentNullException: Value cannot be null.
Parameter name: type
[Ref 66E3E638] Duplicate stacktrace, see ref for original
Exception in Verse.AI.ThinkNode_PrioritySorter TryIssueJobPackage: System.ArgumentNullException: Value cannot be null.
Parameter name: type
[Ref EEA61F83] Duplicate stacktrace, see ref for original
Exception in RimWorld.ThinkNode_ConditionalNeedPercentageAbove TryIssueJobPackage: System.ArgumentNullException: Value cannot be null.
Parameter name: type
[Ref 922FE21F] Duplicate stacktrace, see ref for original
Exception ticking R2 Tester 1 (at (150, 0, 120)): System.NullReferenceException: Object reference not set to an instance of an object
[Ref 35926B03] Duplicate stacktrace, see ref for original
Exception ticking Rostra (at (162, 0, 124)): System.NullReferenceException: Object reference not set to an instance of an object
[Ref CCBD92E2] Duplicate stacktrace, see ref for original
Exception in RimWorld.ThinkNode_ConditionalColonist TryIssueJobPackage: System.ArgumentNullException: Value cannot be null.
Parameter name: type
[Ref BE672279] Duplicate stacktrace, see ref for original
Exception in RimWorld.ThinkNode_Priority_GetJoy TryIssueJobPackage: System.ArgumentNullException: Value cannot be null.
Parameter name: type
[Ref 66E3E638] Duplicate stacktrace, see ref for original
Exception in Verse.AI.ThinkNode_PrioritySorter TryIssueJobPackage: System.ArgumentNullException: Value cannot be null.
Parameter name: type
[Ref EEA61F83] Duplicate stacktrace, see ref for original
Exception in RimWorld.ThinkNode_ConditionalNeedPercentageAbove TryIssueJobPackage: System.ArgumentNullException: Value cannot be null.
Parameter name: type
[Ref 922FE21F] Duplicate stacktrace, see ref for original
Exception ticking QA Ineligible (at (152, 0, 120)): System.NullReferenceException: Object reference not set to an instance of an object
[Ref 35926B03] Duplicate stacktrace, see ref for original
Exception ticking R2 Tester 0 (at (150, 0, 120)): System.NullReferenceException: Object reference not set to an instance of an object
[Ref 35926B03] Duplicate stacktrace, see ref for original
Exception ticking Anya (at (154, 0, 120)): System.NullReferenceException: Object reference not set to an instance of an object
[Ref CCBD92E2] Duplicate stacktrace, see ref for original
Exception ticking R2 Tester 2 (at (152, 0, 124)): System.NullReferenceException: Object reference not set to an instance of an object
[Ref CCBD92E2] Duplicate stacktrace, see ref for original
Exception ticking R2 Tester 1 (at (150, 0, 120)): System.NullReferenceException: Object reference not set to an instance of an object
[Ref 35926B03] Duplicate stacktrace, see ref for original
Exception ticking Rostra (at (162, 0, 124)): System.NullReferenceException: Object reference not set to an instance of an object
[Ref CCBD92E2] Duplicate stacktrace, see ref for original
Exception in RimWorld.ThinkNode_ConditionalColonist TryIssueJobPackage: System.ArgumentNullException: Value cannot be null.
Parameter name: type
[Ref BE672279] Duplicate stacktrace, see ref for original
Exception in RimWorld.ThinkNode_Priority_GetJoy TryIssueJobPackage: System.ArgumentNullException: Value cannot be null.
Parameter name: type
[Ref 66E3E638] Duplicate stacktrace, see ref for original
Exception in Verse.AI.ThinkNode_PrioritySorter TryIssueJobPackage: System.ArgumentNullException: Value cannot be null.
Parameter name: type
[Ref EEA61F83] Duplicate stacktrace, see ref for original
Exception in RimWorld.ThinkNode_ConditionalNeedPercentageAbove TryIssueJobPackage: System.ArgumentNullException: Value cannot be null.
Parameter name: type
[Ref 922FE21F] Duplicate stacktrace, see ref for original
Exception ticking QA Ineligible (at (152, 0, 120)): System.NullReferenceException: Object reference not set to an instance of an object
[Ref 35926B03] Duplicate stacktrace, see ref for original
Exception ticking R2 Tester 0 (at (150, 0, 120)): System.NullReferenceException: Object reference not set to an instance of an object
[Ref 35926B03] Duplicate stacktrace, see ref for original
Exception ticking Anya (at (154, 0, 120)): System.NullReferenceException: Object reference not set to an instance of an object
[Ref CCBD92E2] Duplicate stacktrace, see ref for original
Exception ticking R2 Tester 2 (at (152, 0, 121)): System.NullReferenceException: Object reference not set to an instance of an object
[Ref 35926B03] Duplicate stacktrace, see ref for original
Exception in RimWorld.ThinkNode_ConditionalColonist TryIssueJobPackage: System.ArgumentNullException: Value cannot be null.
Parameter name: type
[Ref BE672279] Duplicate stacktrace, see ref for original
Exception in RimWorld.ThinkNode_Priority_GetJoy TryIssueJobPackage: System.ArgumentNullException: Value cannot be null.
Parameter name: type
[Ref 66E3E638] Duplicate stacktrace, see ref for original
Exception in Verse.AI.ThinkNode_PrioritySorter TryIssueJobPackage: System.ArgumentNullException: Value cannot be null.
Parameter name: type
[Ref EEA61F83] Duplicate stacktrace, see ref for original
Exception in RimWorld.ThinkNode_ConditionalNeedPercentageAbove TryIssueJobPackage: System.ArgumentNullException: Value cannot be null.
Parameter name: type
[Ref 922FE21F] Duplicate stacktrace, see ref for original
Exception ticking R2 Tester 1 (at (150, 0, 120)): System.NullReferenceException: Object reference not set to an instance of an object
[Ref 35926B03] Duplicate stacktrace, see ref for original
Exception ticking Rostra (at (162, 0, 124)): System.NullReferenceException: Object reference not set to an instance of an object
[Ref CCBD92E2] Duplicate stacktrace, see ref for original
Exception ticking QA Ineligible (at (152, 0, 120)): System.NullReferenceException: Object reference not set to an instance of an object
[Ref 35926B03] Duplicate stacktrace, see ref for original
Exception ticking R2 Tester 0 (at (149, 0, 118)): System.NullReferenceException: Object reference not set to an instance of an object
[Ref CCBD92E2] Duplicate stacktrace, see ref for original
Exception ticking Anya (at (154, 0, 120)): System.NullReferenceException: Object reference not set to an instance of an object
[Ref CCBD92E2] Duplicate stacktrace, see ref for original
Exception in RimWorld.ThinkNode_ConditionalColonist TryIssueJobPackage: System.ArgumentNullException: Value cannot be null.
Parameter name: type
[Ref BE672279] Duplicate stacktrace, see ref for original
Exception in RimWorld.ThinkNode_Priority_GetJoy TryIssueJobPackage: System.ArgumentNullException: Value cannot be null.
Parameter name: type
[Ref 66E3E638] Duplicate stacktrace, see ref for original
Exception in Verse.AI.ThinkNode_PrioritySorter TryIssueJobPackage: System.ArgumentNullException: Value cannot be null.
Parameter name: type
[Ref EEA61F83] Duplicate stacktrace, see ref for original
Exception in RimWorld.ThinkNode_ConditionalNeedPercentageAbove TryIssueJobPackage: System.ArgumentNullException: Value cannot be null.
Parameter name: type
[Ref 922FE21F] Duplicate stacktrace, see ref for original
Exception in RimWorld.ThinkNode_ConditionalColonist TryIssueJobPackage: System.ArgumentNullException: Value cannot be null.
Parameter name: type
[Ref BE672279] Duplicate stacktrace, see ref for original
Exception in RimWorld.ThinkNode_Priority_GetJoy TryIssueJobPackage: System.ArgumentNullException: Value cannot be null.
Parameter name: type
[Ref 66E3E638] Duplicate stacktrace, see ref for original
Exception in Verse.AI.ThinkNode_PrioritySorter TryIssueJobPackage: System.ArgumentNullException: Value cannot be null.
Parameter name: type
[Ref EEA61F83] Duplicate stacktrace, see ref for original
Exception in RimWorld.ThinkNode_ConditionalNeedPercentageAbove TryIssueJobPackage: System.ArgumentNullException: Value cannot be null.
Parameter name: type
[Ref 922FE21F] Duplicate stacktrace, see ref for original
Exception ticking R2 Tester 2 (at (153, 0, 118)): System.NullReferenceException: Object reference not set to an instance of an object
[Ref CCBD92E2] Duplicate stacktrace, see ref for original
Exception in RimWorld.ThinkNode_ConditionalColonist TryIssueJobPackage: System.ArgumentNullException: Value cannot be null.
Parameter name: type
[Ref BE672279] Duplicate stacktrace, see ref for original
Exception in RimWorld.ThinkNode_Priority_GetJoy TryIssueJobPackage: System.ArgumentNullException: Value cannot be null.
Parameter name: type
[Ref 66E3E638] Duplicate stacktrace, see ref for original
Exception in Verse.AI.ThinkNode_PrioritySorter TryIssueJobPackage: System.ArgumentNullException: Value cannot be null.
Parameter name: type
[Ref EEA61F83] Duplicate stacktrace, see ref for original
Exception in RimWorld.ThinkNode_ConditionalNeedPercentageAbove TryIssueJobPackage: System.ArgumentNullException: Value cannot be null.
Parameter name: type
[Ref 922FE21F] Duplicate stacktrace, see ref for original
Exception ticking R2 Tester 1 (at (157, 0, 117)): System.NullReferenceException: Object reference not set to an instance of an object
[Ref CCBD92E2] Duplicate stacktrace, see ref for original
Exception ticking Rostra (at (162, 0, 124)): System.NullReferenceException: Object reference not set to an instance of an object
[Ref CCBD92E2] Duplicate stacktrace, see ref for original
Exception ticking QA Ineligible (at (152, 0, 120)): System.NullReferenceException: Object reference not set to an instance of an object
[Ref 35926B03] Duplicate stacktrace, see ref for original
Exception ticking R2 Tester 0 (at (151, 0, 120)): System.NullReferenceException: Object reference not set to an instance of an object
[Ref 35926B03] Duplicate stacktrace, see ref for original
Exception ticking Anya (at (154, 0, 120)): System.NullReferenceException: Object reference not set to an instance of an object
[Ref CCBD92E2] Duplicate stacktrace, see ref for original
Exception ticking R2 Tester 2 (at (154, 0, 117)): System.NullReferenceException: Object reference not set to an instance of an object
[Ref CCBD92E2] Duplicate stacktrace, see ref for original
Exception in RimWorld.ThinkNode_ConditionalColonist TryIssueJobPackage: System.ArgumentNullException: Value cannot be null.
Parameter name: type
[Ref BE672279] Duplicate stacktrace, see ref for original
Exception in RimWorld.ThinkNode_Priority_GetJoy TryIssueJobPackage: System.ArgumentNullException: Value cannot be null.
Parameter name: type
[Ref 66E3E638] Duplicate stacktrace, see ref for original
Exception in Verse.AI.ThinkNode_PrioritySorter TryIssueJobPackage: System.ArgumentNullException: Value cannot be null.
Parameter name: type
[Ref EEA61F83] Duplicate stacktrace, see ref for original
Exception in RimWorld.ThinkNode_ConditionalNeedPercentageAbove TryIssueJobPackage: System.ArgumentNullException: Value cannot be null.
Parameter name: type
[Ref 922FE21F] Duplicate stacktrace, see ref for original
Exception ticking R2 Tester 1 (at (150, 0, 120)): System.NullReferenceException: Object reference not set to an instance of an object
[Ref 35926B03] Duplicate stacktrace, see ref for original
Exception ticking Rostra (at (162, 0, 124)): System.NullReferenceException: Object reference not set to an instance of an object
[Ref CCBD92E2] Duplicate stacktrace, see ref for original
Fallback handler could not load library C:/Program Files (x86)/Steam/steamapps/common/RimWorld/RimWorldWin64_Data/MonoBleedingEdge/data-0000027142C49CD0.dll
Fallback handler could not load library C:/Program Files (x86)/Steam/steamapps/common/RimWorld/RimWorldWin64_Data/MonoBleedingEdge/data-000002713FE191D0.dll
Memory Statistics:
[ALLOC_TEMP_TLS] TLS Allocator
  StackAllocators : 
    [ALLOC_TEMP_MAIN]
      Peak usage frame count: [0-1.0 KB]: 1987 frames, [1.0 KB-2.0 KB]: 6 frames, [2.0 KB-4.0 KB]: 22888 frames, [4.0 KB-8.0 KB]: 78 frames, [8.0 KB-16.0 KB]: 6 frames, [16.0 KB-32.0 KB]: 41 frames, [32.0 KB-64.0 KB]: 1 frames, [64.0 KB-128.0 KB]: 4 frames, [2.0 MB-4.0 MB]: 3 frames, [4.0 MB-8.0 MB]: 2 frames
      Initial Block Size 4.0 MB
      Current Block Size 5.3 MB
      Peak Allocated Bytes 5.3 MB
      Overflow Count 3
    [ALLOC_TEMP_Loading.AsyncRead]
      Initial Block Size 64.0 KB
      Current Block Size 120.0 KB
      Peak Allocated Bytes 117.2 KB
      Overflow Count 0
    [ALLOC_TEMP_Loading.PreloadManager]
      Initial Block Size 256.0 KB
      Current Block Size 256.0 KB
      Peak Allocated Bytes 3.8 KB
      Overflow Count 8
    [ALLOC_TEMP_Background Job.Worker 8]
      Initial Block Size 32.0 KB
      Current Block Size 32.0 KB
      Peak Allocated Bytes 54 B
      Overflow Count 0
    [ALLOC_TEMP_Job.Worker 6]
      Initial Block Size 256.0 KB
      Current Block Size 256.0 KB
      Peak Allocated Bytes 144 B
      Overflow Count 0
    [ALLOC_TEMP_Job.Worker 0]
      Initial Block Size 256.0 KB
      Current Block Size 256.0 KB
      Peak Allocated Bytes 128 B
      Overflow Count 0
    [ALLOC_TEMP_Background Job.Worker 10]
      Initial Block Size 32.0 KB
      Current Block Size 32.0 KB
      Peak Allocated Bytes 54 B
      Overflow Count 0
    [ALLOC_TEMP_Background Job.Worker 9]
      Initial Block Size 32.0 KB
      Current Block Size 32.0 KB
      Peak Allocated Bytes 54 B
      Overflow Count 0
    [ALLOC_TEMP_Job.Worker 5]
      Initial Block Size 256.0 KB
      Current Block Size 256.0 KB
      Peak Allocated Bytes 144 B
      Overflow Count 0
    [ALLOC_TEMP_Background Job.Worker 14]
      Initial Block Size 32.0 KB
      Current Block Size 32.0 KB
      Peak Allocated Bytes 54 B
      Overflow Count 0
    [ALLOC_TEMP_Background Job.Worker 6]
      Initial Block Size 32.0 KB
      Current Block Size 32.0 KB
      Peak Allocated Bytes 54 B
      Overflow Count 0
    [ALLOC_TEMP_Job.Worker 4]
      Initial Block Size 256.0 KB
      Current Block Size 256.0 KB
      Peak Allocated Bytes 160 B
      Overflow Count 0
    [ALLOC_TEMP_Job.Worker 3]
      Initial Block Size 256.0 KB
      Current Block Size 256.0 KB
      Peak Allocated Bytes 265 B
      Overflow Count 0
    [ALLOC_TEMP_Background Job.Worker 12]
      Initial Block Size 32.0 KB
      Current Block Size 32.0 KB
      Peak Allocated Bytes 54 B
      Overflow Count 0
    [ALLOC_TEMP_EnlightenWorker] x 6
      Initial Block Size 64.0 KB
      Current Block Size 64.0 KB
      Peak Allocated Bytes 54 B
      Overflow Count 0
    [ALLOC_TEMP_Background Job.Worker 15]
      Initial Block Size 32.0 KB
      Current Block Size 32.0 KB
      Peak Allocated Bytes 54 B
      Overflow Count 0
    [ALLOC_TEMP_Background Job.Worker 1]
      Initial Block Size 32.0 KB
      Current Block Size 32.0 KB
      Peak Allocated Bytes 54 B
      Overflow Count 0
    [ALLOC_TEMP_Background Job.Worker 2]
      Initial Block Size 32.0 KB
      Current Block Size 32.0 KB
      Peak Allocated Bytes 54 B
      Overflow Count 0
    [ALLOC_TEMP_Background Job.Worker 7]
      Initial Block Size 32.0 KB
      Current Block Size 32.0 KB
      Peak Allocated Bytes 54 B
      Overflow Count 0
    [ALLOC_TEMP_UnityGfxDeviceWorker]
      Initial Block Size 256.0 KB
      Current Block Size 256.0 KB
      Peak Allocated Bytes 10.3 KB
      Overflow Count 0
    [ALLOC_TEMP_AssetGarbageCollectorHelper] x 11
      Initial Block Size 64.0 KB
      Current Block Size 64.0 KB
      Peak Allocated Bytes 138 B
      Overflow Count 0
    [ALLOC_TEMP_Background Job.Worker 5]
      Initial Block Size 32.0 KB
      Current Block Size 32.0 KB
      Peak Allocated Bytes 54 B
      Overflow Count 0
    [ALLOC_TEMP_Job.Worker 9]
      Initial Block Size 256.0 KB
      Current Block Size 256.0 KB
      Peak Allocated Bytes 128 B
      Overflow Count 0
    [ALLOC_TEMP_Background Job.Worker 13]
      Initial Block Size 32.0 KB
      Current Block Size 32.0 KB
      Peak Allocated Bytes 54 B
      Overflow Count 0
    [ALLOC_TEMP_Job.Worker 8]
      Initial Block Size 256.0 KB
      Current Block Size 256.0 KB
      Peak Allocated Bytes 144 B
      Overflow Count 0
    [ALLOC_TEMP_Job.Worker 7]
      Initial Block Size 256.0 KB
      Current Block Size 256.0 KB
      Peak Allocated Bytes 128 B
      Overflow Count 0
    [ALLOC_TEMP_Job.Worker 1]
      Initial Block Size 256.0 KB
      Current Block Size 256.0 KB
      Peak Allocated Bytes 507 B
      Overflow Count 0
    [ALLOC_TEMP_Job.Worker 2]
      Initial Block Size 256.0 KB
      Current Block Size 256.0 KB
      Peak Allocated Bytes 288 B
      Overflow Count 0
    [ALLOC_TEMP_Background Job.Worker 3]
      Initial Block Size 32.0 KB
      Current Block Size 32.0 KB
      Peak Allocated Bytes 54 B
      Overflow Count 0
    [ALLOC_TEMP_Background Job.Worker 11]
      Initial Block Size 32.0 KB
      Current Block Size 32.0 KB
      Peak Allocated Bytes 54 B
      Overflow Count 0
    [ALLOC_TEMP_Job.Worker 10]
      Initial Block Size 256.0 KB
      Current Block Size 256.0 KB
      Peak Allocated Bytes 112 B
      Overflow Count 0
    [ALLOC_TEMP_Background Job.Worker 0]
      Initial Block Size 32.0 KB
      Current Block Size 32.0 KB
      Peak Allocated Bytes 54 B
      Overflow Count 0
    [ALLOC_TEMP_Background Job.Worker 4]
      Initial Block Size 32.0 KB
      Current Block Size 32.0 KB
      Peak Allocated Bytes 54 B
      Overflow Count 0
    [ALLOC_TEMP_BatchDeleteObjects]
      Initial Block Size 64.0 KB
      Current Block Size 64.0 KB
      Peak Allocated Bytes 54 B
      Overflow Count 0
[ALLOC_DEFAULT] Dual Thread Allocator
  Peak main deferred allocation count 30407
    [ALLOC_BUCKET]
      Large Block size 4.0 MB
      Used Block count 1
      Peak Allocated bytes 4.0 MB
      Failed Allocations. Bucket layout:
        16B: 4 Subsections = 4096 buckets. Failed count: 79754
        32B: 34 Subsections = 17408 buckets. Failed count: 81450
        48B: 49 Subsections = 16725 buckets. Failed count: 98476
        64B: 40 Subsections = 10240 buckets. Failed count: 39498
        80B: 85 Subsections = 17408 buckets. Failed count: 24916
        96B: 28 Subsections = 4778 buckets. Failed count: 42170
        112B: 10 Subsections = 1462 buckets. Failed count: 13624
        128B: 6 Subsections = 768 buckets. Failed count: 8563
    [ALLOC_DEFAULT_MAIN]
      Peak usage frame count: [16.0 MB-32.0 MB]: 503 frames, [32.0 MB-64.0 MB]: 1 frames, [128.0 MB-256.0 MB]: 24511 frames, [256.0 MB-0.50 GB]: 1 frames
      Requested Block Size 16.0 MB
      Peak Block count 13
      Peak Allocated memory 257.4 MB
      Peak Large allocation bytes 95.2 MB
    [ALLOC_DEFAULT_THREAD]
      Peak usage frame count: [8.0 MB-16.0 MB]: 1765 frames, [16.0 MB-32.0 MB]: 1 frames, [32.0 MB-64.0 MB]: 18 frames, [64.0 MB-128.0 MB]: 23232 frames
      Requested Block Size 16.0 MB
      Peak Block count 5
      Peak Allocated memory 110.4 MB
      Peak Large allocation bytes 33.8 MB
[ALLOC_TEMP_JOB_1_FRAME]
  Initial Block Size 2.0 MB
  Used Block Count 0
  Overflow Count (too large) 0
  Overflow Count (full) 0
[ALLOC_TEMP_JOB_2_FRAMES]
  Initial Block Size 2.0 MB
  Used Block Count 0
  Overflow Count (too large) 0
  Overflow Count (full) 0
[ALLOC_TEMP_JOB_4_FRAMES (JobTemp)]
  Initial Block Size 2.0 MB
  Used Block Count 1
  Overflow Count (too large) 2
  Overflow Count (full) 0
[ALLOC_TEMP_JOB_ASYNC (Background)]
  Initial Block Size 1.0 MB
  Used Block Count 1
  Overflow Count (too large) 0
  Overflow Count (full) 0
[ALLOC_GFX] Dual Thread Allocator
  Peak main deferred allocation count 7
    [ALLOC_BUCKET]
      Large Block size 4.0 MB
      Used Block count 1
      Peak Allocated bytes 4.0 MB
      Failed Allocations. Bucket layout:
        16B: 4 Subsections = 4096 buckets. Failed count: 79754
        32B: 34 Subsections = 17408 buckets. Failed count: 81450
        48B: 49 Subsections = 16725 buckets. Failed count: 98476
        64B: 40 Subsections = 10240 buckets. Failed count: 39498
        80B: 85 Subsections = 17408 buckets. Failed count: 24916
        96B: 28 Subsections = 4778 buckets. Failed count: 42170
        112B: 10 Subsections = 1462 buckets. Failed count: 13624
        128B: 6 Subsections = 768 buckets. Failed count: 8563
    [ALLOC_GFX_MAIN]
      Peak usage frame count: [64.0 KB-128.0 KB]: 1 frames, [2.0 MB-4.0 MB]: 503 frames, [4.0 MB-8.0 MB]: 1499 frames, [32.0 MB-64.0 MB]: 23012 frames, [256.0 MB-0.50 GB]: 1 frames
      Requested Block Size 16.0 MB
      Peak Block count 4
      Peak Allocated memory 345.6 MB
      Peak Large allocation bytes 341.0 MB
    [ALLOC_GFX_THREAD]
      Peak usage frame count: [0-1.0 KB]: 506 frames, [1.0 KB-2.0 KB]: 2 frames, [2.0 KB-4.0 KB]: 333 frames, [8.0 KB-16.0 KB]: 1164 frames, [16.0 KB-32.0 KB]: 17424 frames, [32.0 KB-64.0 KB]: 5587 frames
      Requested Block Size 16.0 MB
      Peak Block count 1
      Peak Allocated memory 33.2 KB
      Peak Large allocation bytes 0 B
[ALLOC_CACHEOBJECTS] Dual Thread Allocator
  Peak main deferred allocation count 101
    [ALLOC_BUCKET]
      Large Block size 4.0 MB
      Used Block count 1
      Peak Allocated bytes 4.0 MB
      Failed Allocations. Bucket layout:
        16B: 4 Subsections = 4096 buckets. Failed count: 79754
        32B: 34 Subsections = 17408 buckets. Failed count: 81450
        48B: 49 Subsections = 16725 buckets. Failed count: 98476
        64B: 40 Subsections = 10240 buckets. Failed count: 39498
        80B: 85 Subsections = 17408 buckets. Failed count: 24916
        96B: 28 Subsections = 4778 buckets. Failed count: 42170
        112B: 10 Subsections = 1462 buckets. Failed count: 13624
        128B: 6 Subsections = 768 buckets. Failed count: 8563
    [ALLOC_CACHEOBJECTS_MAIN]
      Peak usage frame count: [4.0 MB-8.0 MB]: 1 frames, [8.0 MB-16.0 MB]: 503 frames, [16.0 MB-32.0 MB]: 24512 frames
      Requested Block Size 4.0 MB
      Peak Block count 5
      Peak Allocated memory 17.0 MB
      Peak Large allocation bytes 0 B
    [ALLOC_CACHEOBJECTS_THREAD]
      Peak usage frame count: [4.0 KB-8.0 KB]: 1668 frames, [32.0 KB-64.0 KB]: 1 frames, [64.0 KB-128.0 KB]: 13132 frames, [128.0 KB-256.0 KB]: 10213 frames, [256.0 KB-0.5 MB]: 1 frames, [0.5 MB-1.0 MB]: 1 frames
      Requested Block Size 4.0 MB
      Peak Block count 1
      Peak Allocated memory 0.6 MB
      Peak Large allocation bytes 0 B
[ALLOC_TYPETREE] Dual Thread Allocator
  Peak main deferred allocation count 0
    [ALLOC_BUCKET]
      Large Block size 4.0 MB
      Used Block count 1
      Peak Allocated bytes 4.0 MB
      Failed Allocations. Bucket layout:
        16B: 4 Subsections = 4096 buckets. Failed count: 79754
        32B: 34 Subsections = 17408 buckets. Failed count: 81450
        48B: 49 Subsections = 16725 buckets. Failed count: 98476
        64B: 40 Subsections = 10240 buckets. Failed count: 39498
        80B: 85 Subsections = 17408 buckets. Failed count: 24916
        96B: 28 Subsections = 4778 buckets. Failed count: 42170
        112B: 10 Subsections = 1462 buckets. Failed count: 13624
        128B: 6 Subsections = 768 buckets. Failed count: 8563
    [ALLOC_TYPETREE_MAIN]
      Peak usage frame count: [4.0 KB-8.0 KB]: 1 frames, [8.0 KB-16.0 KB]: 503 frames, [32.0 KB-64.0 KB]: 24512 frames
      Requested Block Size 2.0 MB
      Peak Block count 1
      Peak Allocated memory 49.8 KB
      Peak Large allocation bytes 0 B
    [ALLOC_TYPETREE_THREAD]
      Peak usage frame count: [0-1.0 KB]: 25016 frames
      Requested Block Size 2.0 MB
      Peak Block count 0
      Peak Allocated memory 0 B
      Peak Large allocation bytes 0 B
